model,layer,pool,iso,intra_mean,inter_mean,delta,cohens_d,p_welch,p_perm,ci_lower,ci_upper,rsa_rho,rsa_p,n_intra,n_inter
Qwen/Qwen2.5-1.5B,0,char,0,0.11169993877410889,0.07650966942310333,0.035190269351005554,0.47613363180676116,6.986111545043737e-83,0.000999000999000999,0.031770984455943105,0.0387427831068635,0.08146327548215629,0.0,3400,3400
Qwen/Qwen2.5-1.5B,0,char,1,0.04244580119848251,0.0004745962214656174,0.04197120666503906,0.6547559013616656,6.332818020186151e-149,0.000999000999000999,0.03895634207874536,0.04496816555038095,0.11494466749290505,0.0,3400,3400
Qwen/Qwen2.5-1.5B,0,mean,0,0.11169914156198502,0.0765092745423317,0.03518986701965332,0.47613300699886535,6.99008685934008e-83,0.000999000999000999,0.03177025150507688,0.0387432012706995,0.07765234800830396,0.0,3400,3400
Qwen/Qwen2.5-1.5B,0,mean,1,0.04244445636868477,0.0004740917938761413,0.04197036474943161,0.6547524103441247,6.352192790781044e-149,0.000999000999000999,0.03895504651591182,0.044968122709542514,0.11578232360483946,0.0,3400,3400
Qwen/Qwen2.5-1.5B,7,char,0,0.9996797442436218,0.9995025396347046,0.00017720460891723633,0.015114453694962721,0.5332854174151729,0.13186813186813187,-0.000316503643989563,0.0008337512612342834,0.045137452301471745,0.0,3400,3400
Qwen/Qwen2.5-1.5B,7,char,1,0.07739739120006561,0.000761251023504883,0.07663614302873611,0.6471641884623662,8.62047243575755e-147,0.000999000999000999,0.07108272686600685,0.08220098242163658,0.1108650942688158,0.0,3400,3400
Qwen/Qwen2.5-1.5B,7,mean,0,0.9996798634529114,0.9995027184486389,0.00017714500427246094,0.015107237174322084,0.5334573023399525,0.13186813186813187,-0.0003167390823364258,0.0008336931467056274,0.03793756264127532,0.0,3400,3400
Qwen/Qwen2.5-1.5B,7,mean,1,0.07739920169115067,0.0007596100331284106,0.07663959264755249,0.6471813691247381,8.48403127473158e-147,0.000999000999000999,0.0710895761847496,0.08220560736954212,0.1092825238090327,0.0,3400,3400
Qwen/Qwen2.5-1.5B,14,char,0,0.9996729493141174,0.9994896054267883,0.00018334388732910156,0.015092340251870466,0.53375334358196,0.13186813186813187,-0.00032824426889419553,0.0008632585406303406,0.037982317848056966,0.0,3400,3400
Qwen/Qwen2.5-1.5B,14,char,1,0.07822474092245102,0.0007787254289723933,0.07744601368904114,0.6478154908581968,5.04006225629435e-147,0.000999000999000999,0.0718465842306614,0.08302534893155097,0.11283304764031284,0.0,3400,3400
Qwen/Qwen2.5-1.5B,14,mean,0,0.9996730089187622,0.9994896650314331,0.00018334388732910156,0.01509471623390603,0.5337457165163425,0.13186813186813187,-0.00032818466424942014,0.0008632004261016846,0.04273875026918885,0.0,3400,3400
Qwen/Qwen2.5-1.5B,14,mean,1,0.07822586596012115,0.0007787157665006816,0.07744715362787247,0.647809037650567,5.070814453411744e-147,0.000999000999000999,0.07184589579701424,0.08302465248852968,0.10770907476065429,0.0,3400,3400
Qwen/Qwen2.5-1.5B,21,char,0,0.9996213912963867,0.9993919730186462,0.00022941827774047852,0.01498318058057547,0.5367621686284152,0.13186813186813187,-0.0004150956869125366,0.0010865941643714906,0.0324439665097108,0.0,3400,3400
Qwen/Qwen2.5-1.5B,21,char,1,0.07712068408727646,0.0009174882434308529,0.07620319724082947,0.6619288389200598,3.740494326830853e-153,0.000999000999000999,0.07090050801634788,0.08155981209129096,0.1149094818872539,0.0,3400,3400
Qwen/Qwen2.5-1.5B,21,mean,0,0.9996214509010315,0.999392032623291,0.00022941827774047852,0.014983004303442732,0.5367910428206983,0.13186813186813187,-0.00041521042585372924,0.0010867118835449219,0.03599975578800931,0.0,3400,3400
Qwen/Qwen2.5-1.5B,21,mean,1,0.07712187618017197,0.0009165374794974923,0.07620533555746078,0.661928448070257,3.7440515532975123e-153,0.000999000999000999,0.07090255320072174,0.08156433366239071,0.1113338083703475,0.0,3400,3400
Qwen/Qwen2.5-1.5B,28,char,0,0.7288400530815125,0.7049266695976257,0.02391338348388672,0.18484410431709178,2.8531499349602076e-14,0.000999000999000999,0.017208489775657653,0.030045691132545467,0.024350540930107262,7.996967571252624e-260,3400,3400
Qwen/Qwen2.5-1.5B,28,char,1,0.07326339930295944,0.0013160404050722718,0.0719473585486412,0.6826869333749516,5.193866875495018e-163,0.000999000999000999,0.06699835006147623,0.07683255262672901,0.11259719665624898,0.0,3400,3400
Qwen/Qwen2.5-1.5B,28,mean,0,0.7288450598716736,0.7049275040626526,0.023917555809020996,0.18488033762153638,2.8209049693474102e-14,0.000999000999000999,0.017207337915897368,0.030051095783710475,0.030545395631825265,0.0,3400,3400
Qwen/Qwen2.5-1.5B,28,mean,1,0.0732632726430893,0.0013160464586690068,0.07194722443819046,0.6826908112137966,5.1738421667372083e-163,0.000999000999000999,0.06699874550104142,0.07683323100209236,0.11282455289059491,0.0,3400,3400
xlm-roberta-base,0,char,0,0.5898879170417786,0.5776262879371643,0.012261629104614258,0.18449706729477625,3.194861162607664e-14,0.000999000999000999,0.009420214593410492,0.01555044651031494,0.04480914422396,0.0,3400,3400
xlm-roberta-base,0,char,1,0.03986978903412819,0.0024065575562417507,0.0374632328748703,0.36634352872112275,1.1209438069530468e-50,0.000999000999000999,0.03321998743340373,0.04245250914245844,0.0758358945364064,0.0,3400,3400
xlm-roberta-base,0,mean,0,0.8425025939941406,0.8375106453895569,0.00499194860458374,0.22233384630781233,6.388585432066829e-20,0.000999000999000999,0.004047560691833496,0.0061243042349815365,0.0485792646281834,0.0,3400,3400
xlm-roberta-base,0,mean,1,0.04159565269947052,0.002899192040786147,0.03869646042585373,0.36196998211963466,1.521104096177377e-49,0.000999000999000999,0.03416302129626274,0.044040563888847827,0.07155975782311028,0.0,3400,3400
xlm-roberta-base,3,char,0,0.9490801692008972,0.9479670524597168,0.00111311674118042,0.0452641148722137,0.06205350401550038,0.022977022977022976,1.2007355690002451e-05,0.002278746664524078,0.01063391244365691,4.312294008541576e-51,3400,3400
xlm-roberta-base,3,char,1,0.0343221090734005,0.001714800950139761,0.0326073095202446,0.28598776575731993,8.98826205906818e-32,0.000999000999000999,0.027168304100632666,0.038170128129422665,0.058102416783608724,0.0,3400,3400
xlm-roberta-base,3,mean,0,0.9749290347099304,0.9744595885276794,0.00046944618225097656,0.04192205304513067,0.08391671243598624,0.03496503496503497,-5.688071250915527e-05,0.0010052576661109924,0.013174466489393487,1.9177038222520193e-77,3400,3400
xlm-roberta-base,3,mean,1,0.03379318118095398,0.001915783854201436,0.03187739849090576,0.2767289073590554,7.075261289305233e-30,0.000999000999000999,0.026158011332154275,0.037664853315800426,0.04802880960780351,0.0,3400,3400
xlm-roberta-base,6,char,0,0.9251118302345276,0.9246527552604675,0.0004590749740600586,0.011708472532783872,0.629288269675315,0.29270729270729273,-0.001348985731601715,0.002263464033603668,0.011944058829912984,5.531070136564379e-64,3400,3400
xlm-roberta-base,6,char,1,0.03210889920592308,-0.0016351472586393356,0.03374404460191727,0.2340117451103978,6.911150410324021e-22,0.000999000999000999,0.02677706955000758,0.040535152144730094,0.0363411141613755,0.0,3400,3400
xlm-roberta-base,6,mean,0,0.9554851055145264,0.9554796814918518,5.424022674560547e-06,0.0002592601620870441,0.99163332538388,0.47652347652347654,-0.0009751707315444946,0.0009793952107429503,0.014305579720116252,5.6521464104989e-91,3400,3400
xlm-roberta-base,6,mean,1,0.031526148319244385,-0.0016321568982675672,0.033158306032419205,0.22897842951240893,4.9800933235356314e-21,0.000999000999000999,0.026109418459236623,0.04011301258578896,0.03230872068366156,0.0,3400,3400
xlm-roberta-base,9,char,0,0.9390146732330322,0.9392033815383911,-0.00018870830535888672,-0.005800259749370342,0.8109768162015747,0.5724275724275725,-0.0016199380159378051,0.0012779563665390014,0.01190592401591316,1.3773485119249647e-63,3400,3400
xlm-roberta-base,9,char,1,0.029367653653025627,-3.8705504266545177e-05,0.029406359419226646,0.19895970541223654,2.7776153793876406e-16,0.000999000999000999,0.022226556809619068,0.03673649076372385,0.03239087621353081,0.0,3400,3400
xlm-roberta-base,9,mean,0,0.9584377408027649,0.9590129256248474,-0.0005751848220825195,-0.026063943819645895,0.28258653726022975,0.8641358641358642,-0.0015541344881057739,0.0004285007715225219,0.0075661892398601795,1.0436007192174722e-26,3400,3400
xlm-roberta-base,9,mean,1,0.02876192517578602,-0.0005702178459614515,0.02933214232325554,0.19919101460949956,2.567119074137875e-16,0.000999000999000999,0.022245851019397377,0.03665478331968188,0.02884190409179609,0.0,3400,3400
xlm-roberta-base,12,char,0,0.99180668592453,0.9918554425239563,-4.875659942626953e-05,-0.010902672681651905,0.6530549767325368,0.6673326673326674,-0.00025113821029663084,0.0001664042472839355,0.01079387697845805,1.3811123755175196e-52,3400,3400
xlm-roberta-base,12,char,1,0.027633149176836014,0.0002778771740850061,0.027355272322893143,0.19043956211151652,4.730498429051016e-15,0.000999000999000999,0.02051832191646099,0.03396816393360495,0.029751234541043146,0.0,3400,3400
xlm-roberta-base,12,mean,0,0.9971877932548523,0.997287392616272,-9.959936141967773e-05,-0.02499969996589217,0.30298484287316363,0.8401598401598401,-0.00029383301734924315,7.203221321105954e-05,0.008702890751595865,8.524814850629239e-35,3400,3400
xlm-roberta-base,12,mean,1,0.027646945789456367,0.0009509160881862044,0.02669603005051613,0.1861601006054976,1.879693590142359e-14,0.000999000999000999,0.020083084562793375,0.033699020836502315,0.030045726558411846,0.0,3400,3400
bert-base-multilingual-cased,0,char,0,0.17110984027385712,0.14641718566417694,0.024692654609680176,0.17014873220305635,2.5182380568555708e-12,0.000999000999000999,0.018112289905548095,0.03145656995475292,0.045687704084809044,0.0,3400,3400
bert-base-multilingual-cased,0,char,1,0.04968739300966263,0.01824740134179592,0.03143998980522156,0.1920205037367468,2.821803654382302e-15,0.000999000999000999,0.02390958312898874,0.03890205165371298,0.052923210201436796,0.0,3400,3400
bert-base-multilingual-cased,0,mean,0,0.6318576335906982,0.6213195323944092,0.010538101196289062,0.16430392318223846,1.354892396046571e-11,0.000999000999000999,0.007634414732456208,0.013442552089691162,0.05191436382428684,0.0,3400,3400
bert-base-multilingual-cased,0,mean,1,0.04968739300966263,0.018247399479150772,0.031439993530511856,0.19202050617851144,2.821788758332248e-15,0.000999000999000999,0.023909584945067765,0.03890205165371298,0.057939289216817826,0.0,3400,3400
bert-base-multilingual-cased,1,char,0,0.42910850048065186,0.4077727794647217,0.021335721015930176,0.1485585152886542,9.56181190491818e-10,0.000999000999000999,0.014356224983930587,0.028268750756978985,0.021069304890037648,4.910231006583441e-195,3400,3400
bert-base-multilingual-cased,1,char,1,0.05147328972816467,0.016062181442975998,0.035411108285188675,0.20793596831835023,1.2336597072271403e-17,0.000999000999000999,0.027474249806255104,0.0434771541506052,0.04873115695798795,0.0,3400,3400
bert-base-multilingual-cased,1,mean,0,0.825951874256134,0.819071888923645,0.006879985332489014,0.12835534249839173,1.2461269038953867e-07,0.000999000999000999,0.004381658136844635,0.009519350528717042,0.015538931837509123,5.4330898936405317e-107,3400,3400
bert-base-multilingual-cased,1,mean,1,0.0521598756313324,0.016821281984448433,0.035338595509529114,0.2077167157073441,1.333335361828227e-17,0.000999000999000999,0.02738371058367193,0.043237388506531714,0.04935074409687656,0.0,3400,3400
bert-base-multilingual-cased,2,char,0,0.48034173250198364,0.46141013503074646,0.018931597471237183,0.13541008765126297,2.454253840833865e-08,0.000999000999000999,0.011969488859176636,0.02574946582317352,0.01862883031169498,6.537818614685063e-153,3400,3400
bert-base-multilingual-cased,2,char,1,0.04946621134877205,0.017163239419460297,0.03230297192931175,0.18613022479057292,1.89870464258479e-14,0.000999000999000999,0.023998146085068582,0.04074347158893942,0.04765769141635179,0.0,3400,3400
bert-base-multilingual-cased,2,mean,0,0.8440859317779541,0.8380872011184692,0.005998730659484863,0.12489181402556863,2.685122904766968e-07,0.000999000999000999,0.003625921905040741,0.00832081139087677,0.017584229182405584,1.8456856984533713e-136,3400,3400
bert-base-multilingual-cased,2,mean,1,0.05129176005721092,0.018354211002588272,0.03293754905462265,0.18921927677778122,7.034675140558715e-15,0.000999000999000999,0.024563844641670586,0.041267117112874986,0.0428685875056597,0.0,3400,3400
bert-base-multilingual-cased,3,char,0,0.5573216080665588,0.5398895740509033,0.017432034015655518,0.15666382763119577,1.1239335018167387e-10,0.000999000999000999,0.011741013824939727,0.022754681110382077,0.02299086114781931,7.667811362477073e-232,3400,3400
bert-base-multilingual-cased,3,char,1,0.051103606820106506,0.016545822843909264,0.034557782113552094,0.1915682714378465,3.272853937363837e-15,0.000999000999000999,0.025999284442514183,0.04313673302531242,0.04698120464745168,0.0,3400,3400
bert-base-multilingual-cased,3,mean,0,0.8928089141845703,0.8885084390640259,0.004300475120544434,0.14974749280875174,7.032661833548207e-10,0.000999000999000999,0.00286681205034256,0.0056660428643226625,0.021047468262124946,1.2329453296035124e-194,3400,3400
bert-base-multilingual-cased,3,mean,1,0.051909349858760834,0.017360322177410126,0.03454902768135071,0.19364669398487958,1.6504226532017559e-15,0.000999000999000999,0.02599512245506048,0.04319430207833647,0.048919258196480325,0.0,3400,3400
bert-base-multilingual-cased,4,char,0,0.6044756174087524,0.5889173746109009,0.015558242797851562,0.16215006199187867,2.4826615533952052e-11,0.000999000999000999,0.01078280359506607,0.02014847695827484,0.01998265856495221,1.2188023216913804e-175,3400,3400
bert-base-multilingual-cased,4,char,1,0.05327264592051506,0.01808643899857998,0.03518620878458023,0.19780202490937915,4.1129087741364873e-16,0.000999000999000999,0.026661220518872143,0.043790977448225014,0.046440080228204804,0.0,3400,3400
bert-base-multilingual-cased,4,mean,0,0.8825021386146545,0.8777725696563721,0.004729568958282471,0.15988529706206828,4.6594986786688907e-11,0.000999000999000999,0.0032608240842819216,0.006132179498672485,0.02224152825574409,4.161200651687408e-217,3400,3400
bert-base-multilingual-cased,4,mean,1,0.05343279987573624,0.018298381939530373,0.03513441979885101,0.1977354740863136,4.2058023654905853e-16,0.000999000999000999,0.026473766099661587,0.043769930955022573,0.04659237259630443,0.0,3400,3400
bert-base-multilingual-cased,5,char,0,0.6871728301048279,0.6743649244308472,0.012807905673980713,0.16474213270077465,1.1957133179391956e-11,0.000999000999000999,0.009007912874221802,0.016481241583824156,0.024393940994523917,9.62303062964958e-261,3400,3400
bert-base-multilingual-cased,5,char,1,0.054453205317258835,0.019069503992795944,0.03538370132446289,0.19970749243477107,2.154357076752442e-16,0.000999000999000999,0.02719342247582972,0.04398035015910864,0.05002770745320741,0.0,3400,3400
bert-base-multilingual-cased,5,mean,0,0.90875643491745,0.9047566056251526,0.003999829292297363,0.16830097907226554,4.309229247325653e-12,0.000999000999000999,0.0027985408902168273,0.005130641162395477,0.020408531032034723,4.045556384114304e-183,3400,3400
bert-base-multilingual-cased,5,mean,1,0.056838858872652054,0.0206264927983284,0.036212366074323654,0.19534328743277676,9.38884173861383e-16,0.000999000999000999,0.027278317557647824,0.04557558167725801,0.04370510996510636,0.0,3400,3400
bert-base-multilingual-cased,6,char,0,0.7583398222923279,0.7474731206893921,0.010866701602935791,0.1756630860577417,4.883986477015769e-13,0.000999000999000999,0.007784834504127503,0.013701650500297546,0.023117186571738883,2.252263592001551e-234,3400,3400
bert-base-multilingual-cased,6,char,1,0.06065462902188301,0.02089853212237358,0.03975609689950943,0.21032475071430276,5.2631562309341394e-18,0.000999000999000999,0.030686298850923777,0.04864777149632573,0.04256783194707399,0.0,3400,3400
bert-base-multilingual-cased,6,mean,0,0.8998223543167114,0.894838273525238,0.004984080791473389,0.1605046709934121,3.9242900645176934e-11,0.000999000999000999,0.003473344445228577,0.006432180106639862,0.025959625170253704,5.16358300264741e-295,3400,3400
bert-base-multilingual-cased,6,mean,1,0.05946262925863266,0.020307406783103943,0.03915522247552872,0.17650252264879465,3.7882274695909486e-13,0.000999000999000999,0.028514366876333953,0.049559256061911576,0.03581668955638714,0.0,3400,3400
bert-base-multilingual-cased,7,char,0,0.7284315228462219,0.716454267501831,0.01197725534439087,0.17459215836878775,6.741955309476409e-13,0.000999000999000999,0.008609436452388763,0.01523253470659256,0.027203492136146843,0.0,3400,3400
bert-base-multilingual-cased,7,char,1,0.06403913348913193,0.02051464281976223,0.04352448880672455,0.23117893284346414,2.110057344231753e-21,0.000999000999000999,0.034346786048263314,0.052418187726289034,0.04182339298550449,0.0,3400,3400
bert-base-multilingual-cased,7,mean,0,0.8563601970672607,0.8503544330596924,0.006005764007568359,0.12857603004566864,1.1855246776652102e-07,0.000999000999000999,0.003693997859954834,0.008236154913902283,0.028106130339513574,0.0,3400,3400
bert-base-multilingual-cased,7,mean,1,0.06310100853443146,0.020593542605638504,0.042507465928792953,0.20241915624552623,8.485506084363343e-17,0.000999000999000999,0.03255596347153187,0.052670685946941374,0.03389355542492212,0.0,3400,3400
bert-base-multilingual-cased,8,char,0,0.7468029260635376,0.7358275055885315,0.010975420475006104,0.1634766781037076,1.710150403219545e-11,0.000999000999000999,0.007599298655986786,0.014075082540512084,0.024849865731721734,1.673810837247458e-270,3400,3400
bert-base-multilingual-cased,8,char,1,0.061895791441202164,0.018883056938648224,0.04301273450255394,0.22616974674280976,1.4720060457835346e-20,0.000999000999000999,0.034011708199977876,0.05246626902371645,0.04137216114282852,0.0,3400,3400
bert-base-multilingual-cased,8,mean,0,0.8357476592063904,0.8293290734291077,0.006418585777282715,0.11393890965754919,2.681621240669527e-06,0.000999000999000999,0.0035443902015686035,0.008949558436870574,0.024492279244084092,7.826094734167392e-263,3400,3400
bert-base-multilingual-cased,8,mean,1,0.05948324874043465,0.016442226245999336,0.04304102063179016,0.203459835335984,5.917319442110893e-17,0.000999000999000999,0.03318263702094555,0.05304655274376273,0.033346166682753545,0.0,3400,3400
bert-base-multilingual-cased,9,char,0,0.798908531665802,0.790490984916687,0.00841754674911499,0.1461235964743918,1.7809222386794328e-09,0.000999000999000999,0.005585803091526032,0.01099860519170761,0.02640328128809289,4.1170923013092224e-305,3400,3400
bert-base-multilingual-cased,9,char,1,0.057747066020965576,0.019557105377316475,0.03818996250629425,0.19811928105948073,3.6908330403277165e-16,0.000999000999000999,0.02954286765307188,0.047675685677677396,0.03658699824539754,0.0,3400,3400
bert-base-multilingual-cased,9,mean,0,0.8662955164909363,0.8611953258514404,0.00510019063949585,0.10615813097665801,1.2211485678255545e-05,0.000999000999000999,0.0026655420660972595,0.007335627079010009,0.023288187734091,7.998469181631778e-238,3400,3400
bert-base-multilingual-cased,9,mean,1,0.05510806664824486,0.017872029915452003,0.037236034870147705,0.17227020738283474,1.346627148291715e-12,0.000999000999000999,0.02721216264180839,0.04765742402523756,0.02871225719110529,0.0,3400,3400
bert-base-multilingual-cased,10,char,0,0.8350686430931091,0.8285953402519226,0.0064733028411865234,0.11948173021265221,8.573497548726253e-07,0.000999000999000999,0.0038173794746398926,0.00898994654417038,0.02216856867707849,1.0661230958020662e-215,3400,3400
bert-base-multilingual-cased,10,char,1,0.05663704499602318,0.01997029408812523,0.03666675090789795,0.18362321123511527,4.197149493231533e-14,0.000999000999000999,0.02792065367102623,0.046249402873218055,0.030012256156704394,0.0,3400,3400
bert-base-multilingual-cased,10,mean,0,0.880448043346405,0.8760091662406921,0.004438877105712891,0.09429795260376299,0.00010204803473924385,0.000999000999000999,0.0022189140319824217,0.006778807938098907,0.01702666060461399,4.564647687280264e-128,3400,3400
bert-base-multilingual-cased,10,mean,1,0.059075698256492615,0.01404181495308876,0.045033883303403854,0.20641550871713146,2.105643672116847e-17,0.000999000999000999,0.03542183851823211,0.05520913228392601,0.03699336516071055,0.0,3400,3400
bert-base-multilingual-cased,11,char,0,0.8403542637825012,0.8344697952270508,0.0058844685554504395,0.09848786473054122,4.946950432646193e-05,0.000999000999000999,0.0030501767992973327,0.008678969740867612,0.01556885907620255,2.13798277585035e-107,3400,3400
bert-base-multilingual-cased,11,char,1,0.05944836884737015,0.019838230684399605,0.03961014002561569,0.19867447213213096,3.0579578502967604e-16,0.000999000999000999,0.030110548762604595,0.04940359964966774,0.03398657235240742,0.0,3400,3400
bert-base-multilingual-cased,11,mean,0,0.8744696378707886,0.8700876235961914,0.004382014274597168,0.0795736109261996,0.0010399101472157724,0.000999000999000999,0.001772826910018921,0.007092732191085815,0.01460319582802101,1.0182580030521133e-94,3400,3400
bert-base-multilingual-cased,11,mean,1,0.06024862453341484,0.0178164541721344,0.04243217036128044,0.20310664032887082,6.689146886612849e-17,0.000999000999000999,0.03268750961869955,0.05268941735848784,0.033778015541232886,0.0,3400,3400
bert-base-multilingual-cased,12,char,0,0.5040608048439026,0.48592978715896606,0.018131017684936523,0.15366953320233526,2.5103941546846317e-10,0.000999000999000999,0.01242200955748558,0.02368427664041519,0.030215149843499392,0.0,3400,3400
bert-base-multilingual-cased,12,char,1,0.057226281613111496,0.01793736033141613,0.039288923144340515,0.20177972363375388,1.0578316193349052e-16,0.000999000999000999,0.029870213847607373,0.049126533977687355,0.04179853302606399,0.0,3400,3400
bert-base-multilingual-cased,12,mean,0,0.5474112033843994,0.5316342711448669,0.01577693223953247,0.133852211411389,3.53828053599045e-08,0.000999000999000999,0.010001233220100403,0.021321588754653932,0.029742018281792706,0.0,3400,3400
bert-base-multilingual-cased,12,mean,1,0.0567438118159771,0.015577273443341255,0.04116653650999069,0.20575638135297913,2.6553384298792205e-17,0.000999000999000999,0.031517060566693546,0.05081778261810541,0.039734260573785644,0.0,3400,3400
cl-tohoku/bert-base-japanese-char-v3,0,char,0,0.35358187556266785,0.34894031286239624,0.0046415627002716064,0.019202690861733318,0.42853386760035117,0.21978021978021978,-0.006592274457216263,0.015828213095664977,0.02297153582289399,1.8655349270098715e-231,3400,3400
cl-tohoku/bert-base-japanese-char-v3,0,char,1,0.11585809290409088,0.10680846869945526,0.00904962420463562,0.02667538579822027,0.2714343698112619,0.14085914085914086,-0.007129153236746788,0.0255630973726511,0.019991720582411877,8.480672651517161e-176,3400,3400
cl-tohoku/bert-base-japanese-char-v3,0,mean,0,0.7704182267189026,0.7690960764884949,0.0013221502304077148,0.014948740860490048,0.5376777689849636,0.27372627372627373,-0.0027411893010139466,0.005551826953887939,0.018423458312921397,1.3319157840445797e-149,3400,3400
cl-tohoku/bert-base-japanese-char-v3,0,mean,1,0.11585809290409088,0.10680846869945526,0.00904962420463562,0.02667538591576214,0.2714343698112619,0.14085914085914086,-0.007129145972430706,0.0255630973726511,0.019830948777486996,5.154043648389829e-173,3400,3400
cl-tohoku/bert-base-japanese-char-v3,3,char,0,0.5586934685707092,0.5563127398490906,0.0023807287216186523,0.013032582541639604,0.5910511512519571,0.3046953046953047,-0.006411637365818024,0.010965099930763242,0.020846687214380988,5.5970687462564826e-191,3400,3400
cl-tohoku/bert-base-japanese-char-v3,3,char,1,0.12206856906414032,0.10976412892341614,0.012304440140724182,0.03651537025044436,0.13222504550814812,0.061938061938061936,-0.003775486536324023,0.028956124186515806,0.027231023107006567,0.0,3400,3400
cl-tohoku/bert-base-japanese-char-v3,3,mean,0,0.8710015416145325,0.8702754378318787,0.0007261037826538086,0.013487057476289286,0.5781387428107505,0.2967032967032967,-0.0018963679671287537,0.0032372117042541505,0.0201141057376749,6.22765373245196e-178,3400,3400
cl-tohoku/bert-base-japanese-char-v3,3,mean,1,0.12133210897445679,0.11000960320234299,0.0113225057721138,0.033551314394621876,0.16660130022341837,0.08691308691308691,-0.004576241225004195,0.027689291909337038,0.024425877908730905,2.0209157411950496e-261,3400,3400
cl-tohoku/bert-base-japanese-char-v3,6,char,0,0.6734886169433594,0.6706987619400024,0.0027898550033569336,0.020299705916778432,0.4026406118302238,0.2087912087912088,-0.0038579434156417844,0.009203980863094327,0.015542563493542908,4.8521760888155126e-107,3400,3400
cl-tohoku/bert-base-japanese-char-v3,6,char,1,0.12657596170902252,0.111445851624012,0.015130110085010529,0.044577016776883104,0.06611225190867043,0.03496503496503497,-0.0015299974009394632,0.0322661280632019,0.02975629293879879,0.0,3400,3400
cl-tohoku/bert-base-japanese-char-v3,6,mean,0,0.8132681250572205,0.8117928504943848,0.0014752745628356934,0.01861458811959211,0.4428049209384468,0.23276723276723277,-0.0023622676730155946,0.0051937431097030615,0.023363159010815447,2.4132278882735325e-239,3400,3400
cl-tohoku/bert-base-japanese-char-v3,6,mean,1,0.12652111053466797,0.11144275218248367,0.015078358352184296,0.044430292640926634,0.06700865539524306,0.03596403596403597,-0.0016259914264082898,0.03220954462885856,0.02849168743099419,0.0,3400,3400
cl-tohoku/bert-base-japanese-char-v3,9,char,0,0.7285004258155823,0.7241997718811035,0.00430065393447876,0.03703621402218878,0.1267952748203454,0.06593406593406594,-0.0014325276017189026,0.009811621904373168,0.02347167414700278,1.4903047767932617e-241,3400,3400
cl-tohoku/bert-base-japanese-char-v3,9,char,1,0.12431180477142334,0.10418426245450974,0.020127542316913605,0.058755360010081886,0.015438156096325786,0.007992007992007992,0.003516414016485215,0.03651044759899377,0.024838482492737315,2.948334802448502e-270,3400,3400
cl-tohoku/bert-base-japanese-char-v3,9,mean,0,0.8947179317474365,0.8930317759513855,0.0016861557960510254,0.03752284127191424,0.12188198438853863,0.061938061938061936,-0.0005145326256752014,0.003822652995586395,0.024556421473229093,3.35693515990204e-264,3400,3400
cl-tohoku/bert-base-japanese-char-v3,9,mean,1,0.12424811720848083,0.1042262390255928,0.02002187818288803,0.058467955959722644,0.015948556590555746,0.007992007992007992,0.0034551814198493964,0.036419333331286906,0.021722830072095453,3.41210739441527e-207,3400,3400
cl-tohoku/bert-base-japanese-char-v3,12,char,0,0.654098629951477,0.6492432951927185,0.004855334758758545,0.03462283743241043,0.15347647735952977,0.07492507492507493,-0.0020034000277519225,0.01159956157207489,0.02216556581616452,1.218099603526018e-215,3400,3400
cl-tohoku/bert-base-japanese-char-v3,12,char,1,0.12656526267528534,0.10676482319831848,0.019800439476966858,0.057333586769206774,0.018110478524515628,0.008991008991008992,0.003152531199157238,0.036222703754901886,0.02266773589018099,1.987359528899894e-225,3400,3400
cl-tohoku/bert-base-japanese-char-v3,12,mean,0,0.7711238861083984,0.7683138251304626,0.002810060977935791,0.029441589703949826,0.2248177401732575,0.11688311688311688,-0.001917588710784912,0.007264816761016845,0.025442145014517564,1.8858125558908912e-283,3400,3400
cl-tohoku/bert-base-japanese-char-v3,12,mean,1,0.12142570316791534,0.10052896291017532,0.02089674025774002,0.05758010907397455,0.01761995650260259,0.00999000999000999,0.003770050406455994,0.03808557223528623,0.01861609360852644,1.0512761634454948e-152,3400,3400
BAAI/bge-large-zh-v1.5,0,char,0,0.4781949520111084,0.4641202390193939,0.014074712991714478,0.13695808941431906,1.699166856783738e-08,0.000999000999000999,0.009163059294223785,0.01903599500656128,0.03790588624580687,0.0,3400,3400
BAAI/bge-large-zh-v1.5,0,char,1,0.03761652484536171,-3.27614470734261e-05,0.037649285048246384,0.5430509162429831,2.5629845989912453e-106,0.000999000999000999,0.03453011233359575,0.04099633293226361,0.08033067887970304,0.0,3400,3400
BAAI/bge-large-zh-v1.5,0,mean,0,0.8320480585098267,0.8276717662811279,0.0043762922286987305,0.1244792729821486,2.9386233284002285e-07,0.000999000999000999,0.002709034085273743,0.006063835322856903,0.040590767580170245,0.0,3400,3400
BAAI/bge-large-zh-v1.5,0,mean,1,0.03761652484536171,-3.2761727197794244e-05,0.037649285048246384,0.5430509176264989,2.5629845989912453e-106,0.000999000999000999,0.034530115965753796,0.04099633293226361,0.08065298963201621,0.0,3400,3400
BAAI/bge-large-zh-v1.5,6,char,0,0.46090731024742126,0.4344419836997986,0.02646532654762268,0.3273174150231764,5.886917149641061e-41,0.000999000999000999,0.022718692570924758,0.030439941585063933,0.0643103607583279,0.0,3400,3400
BAAI/bge-large-zh-v1.5,6,char,1,0.05319759622216225,0.0005202591419219971,0.05267733708024025,0.552161848392432,8.183865637242035e-110,0.000999000999000999,0.048130267299711704,0.057168246153742074,0.08025328205248822,0.0,3400,3400
BAAI/bge-large-zh-v1.5,6,mean,0,0.8543202877044678,0.8473040461540222,0.007016241550445557,0.29936798548458465,1.276871458336532e-34,0.000999000999000999,0.005915495753288269,0.008199109137058258,0.05831325354492262,0.0,3400,3400
BAAI/bge-large-zh-v1.5,6,mean,1,0.05304582044482231,0.0005648251390084624,0.052480995655059814,0.5484262898728179,1.911818042546284e-108,0.000999000999000999,0.047959078662097455,0.05696826027706265,0.08242004648449551,0.0,3400,3400
BAAI/bge-large-zh-v1.5,12,char,0,0.5485096573829651,0.5194064378738403,0.029103219509124756,0.40959925589538454,1.1470660976206418e-62,0.000999000999000999,0.025714112818241118,0.03260871917009354,0.0619138592032238,0.0,3400,3400
BAAI/bge-large-zh-v1.5,12,char,1,0.05866401642560959,-0.0002908485184889287,0.058954864740371704,0.5616175233844827,1.8866011399342907e-113,0.000999000999000999,0.05364439329132438,0.06427420601248741,0.0798813941082652,0.0,3400,3400
BAAI/bge-large-zh-v1.5,12,mean,0,0.9092313647270203,0.903262734413147,0.005968630313873291,0.39867749903069866,1.524112137555468e-59,0.000999000999000999,0.005258157849311829,0.0066859528422355645,0.06878228442992607,0.0,3400,3400
BAAI/bge-large-zh-v1.5,12,mean,1,0.05828579515218735,-0.0002303425717400387,0.058516137301921844,0.5585818843606158,2.618360235567756e-112,0.000999000999000999,0.053212127275764944,0.0637740371748805,0.08117953817637434,0.0,3400,3400
BAAI/bge-large-zh-v1.5,18,char,0,0.6496544480323792,0.6221191883087158,0.02753525972366333,0.44772127853780946,3.160785703133325e-74,0.000999000999000999,0.024625174701213837,0.03056780993938446,0.06746414093937951,0.0,3400,3400
BAAI/bge-large-zh-v1.5,18,char,1,0.06509645283222198,0.0007049776613712311,0.06439147889614105,0.556190357966234,1.739763026931899e-111,0.000999000999000999,0.05886387201026082,0.0700610077008605,0.08766074012486903,0.0,3400,3400
BAAI/bge-large-zh-v1.5,18,mean,0,0.9022864699363708,0.8944653868675232,0.007821083068847656,0.4442176182307742,3.9028520504007646e-73,0.000999000999000999,0.00697147399187088,0.008672167360782622,0.06314254938916836,0.0,3400,3400
BAAI/bge-large-zh-v1.5,18,mean,1,0.06485752761363983,0.0007394618005491793,0.06411806493997574,0.5536914315064706,1.50301968528156e-110,0.000999000999000999,0.058618743624538186,0.06976470556110144,0.08131147991858229,0.0,3400,3400
BAAI/bge-large-zh-v1.5,24,char,0,0.39101657271385193,0.35101547837257385,0.040001094341278076,0.5017593010936084,7.364442094776629e-92,0.000999000999000999,0.036409738659858706,0.04388725757598877,0.07397248754125611,0.0,3400,3400
BAAI/bge-large-zh-v1.5,24,char,1,0.06034151837229729,-0.00010938433842966333,0.060450904071331024,0.5695871057392138,3.487131297983874e-116,0.000999000999000999,0.055560768395662305,0.06553378980606794,0.08303361046827552,0.0,3400,3400
BAAI/bge-large-zh-v1.5,24,mean,0,0.4094702899456024,0.36536282300949097,0.04410746693611145,0.5565269995180886,8.158610657110543e-112,0.000999000999000999,0.040296071022748944,0.04789452627301216,0.08711366279624938,0.0,3400,3400
BAAI/bge-large-zh-v1.5,24,mean,1,0.0654703825712204,0.0005683598574250937,0.06490202248096466,0.584901218212441,4.115960735521366e-122,0.000999000999000999,0.05979400714859366,0.07020870633423329,0.0841412642905637,0.0,3400,3400
glyph_only/resnet18,0,char,0,0.8882452249526978,0.8559297323226929,0.03231549263000488,0.75309267119488,4.527277428301087e-198,0.000999000999000999,0.030435357987880707,0.03432481437921524,0.11550158827432727,0.0,3400,3400
glyph_only/resnet18,0,char,1,0.1914653778076172,0.00033965465263463557,0.19112572073936462,1.140507223949053,0.0,0.000999000999000999,0.18294775299727917,0.19936723522841931,0.15189393352339514,0.0,3400,3400
glyph_only/resnet18,0,mean,0,0.8882452249526978,0.8559297323226929,0.03231549263000488,0.75309267119488,4.527277428301087e-198,0.000999000999000999,0.030435357987880707,0.03432481437921524,0.12043060499443721,0.0,3400,3400
glyph_only/resnet18,0,mean,1,0.1914653778076172,0.00033965465263463557,0.19112572073936462,1.140507223949053,0.0,0.000999000999000999,0.18294775299727917,0.19936723522841931,0.14822327206634198,0.0,3400,3400
Qwen/Qwen2.5-3B,0,char,0,0.09597760438919067,0.058988749980926514,0.03698885440826416,0.5044333165243956,3.870064430363455e-92,0.000999000999000999,0.03370658671483397,0.04047532165423036,0.08330647738232384,0.0,3400,3400
Qwen/Qwen2.5-3B,0,char,1,0.041861940175294876,-0.00018832020577974617,0.04205026105046272,0.6491739410626293,5.507311561068704e-146,0.000999000999000999,0.03908307189121842,0.045113461930304764,0.12487939182312684,0.0,3400,3400
Qwen/Qwen2.5-3B,0,mean,0,0.0959780365228653,0.058988433331251144,0.03698960319161415,0.5044442311783393,3.836768319115547e-92,0.000999000999000999,0.033708775881677866,0.04047624552622438,0.08557689574195099,0.0,3400,3400
Qwen/Qwen2.5-3B,0,mean,1,0.04186244681477547,-0.0001886021054815501,0.0420510470867157,0.649183870811156,5.456913638828749e-146,0.000999000999000999,0.03908439222723246,0.045113228540867564,0.11984388552284889,0.0,3400,3400
Qwen/Qwen2.5-3B,9,char,0,0.9997384548187256,0.9988948106765747,0.0008436441421508789,0.04401959321373553,0.06962232681367554,0.000999000999000999,3.921836614608765e-05,0.0019164711236953735,0.049662230436945086,0.0,3400,3400
Qwen/Qwen2.5-3B,9,char,1,0.0794236958026886,0.0010534533066675067,0.07837024331092834,0.7079873887341945,3.675775333937438e-175,0.000999000999000999,0.07289213668555021,0.08352156449109316,0.11147721427299553,0.0,3400,3400
Qwen/Qwen2.5-3B,9,mean,0,0.9997390508651733,0.9988953471183777,0.0008437037467956543,0.04401875727716099,0.06960272232858865,0.000999000999000999,3.910064697265625e-05,0.0019165292382240296,0.04456751661681924,0.0,3400,3400
Qwen/Qwen2.5-3B,9,mean,1,0.0794234499335289,0.0010527048725634813,0.07837074249982834,0.7079899710386943,3.6664290954054896e-175,0.000999000999000999,0.07289177160710096,0.08352029249072075,0.1116982860282617,0.0,3400,3400
Qwen/Qwen2.5-3B,18,char,0,0.9997193217277527,0.9988906383514404,0.0008286833763122559,0.04430838594593944,0.06779533532599119,0.000999000999000999,4.410594701766968e-05,0.0018755257129669189,0.047678042952733556,0.0,3400,3400
Qwen/Qwen2.5-3B,18,char,1,0.08431333303451538,0.0006451142253354192,0.08366821706295013,0.7234630786064093,3.472739764145451e-182,0.000999000999000999,0.07809708416461944,0.0891753725707531,0.11429931847813907,0.0,3400,3400
Qwen/Qwen2.5-3B,18,mean,0,0.999720573425293,0.9988921284675598,0.0008284449577331543,0.044300312434439146,0.06787464186680131,0.000999000999000999,4.3925642967224124e-05,0.0018752917647361755,0.04997482867796624,0.0,3400,3400
Qwen/Qwen2.5-3B,18,mean,1,0.08431442826986313,0.0006451733061112463,0.0836692526936531,0.7234655357631924,3.465368803466581e-182,0.000999000999000999,0.07810175847262144,0.08917765002697706,0.1150976756873026,0.0,3400,3400
Qwen/Qwen2.5-3B,27,char,0,0.9996020793914795,0.9987613558769226,0.0008407235145568848,0.045609210015553944,0.060118898705118155,0.000999000999000999,6.854385137557983e-05,0.0018715381622314454,0.050660230959145486,0.0,3400,3400
Qwen/Qwen2.5-3B,27,char,1,0.08484183251857758,0.0015023425221443176,0.08333948999643326,0.7102130181738197,2.6221753280250103e-176,0.000999000999000999,0.07755407895892859,0.08879448901861905,0.11762312005164138,0.0,3400,3400
Qwen/Qwen2.5-3B,27,mean,0,0.9996025562286377,0.998761773109436,0.0008407831192016602,0.04561284349135046,0.06010068763377192,0.000999000999000999,6.883591413497925e-05,0.0018717184662818908,0.04834320495666483,0.0,3400,3400
Qwen/Qwen2.5-3B,27,mean,1,0.08484166860580444,0.0015032484661787748,0.0833384171128273,0.7102036171741148,2.648420717158928e-176,0.000999000999000999,0.07755188010632992,0.08879209533333779,0.11997906339311112,0.0,3400,3400
Qwen/Qwen2.5-3B,36,char,0,0.6889712810516357,0.664025068283081,0.024946212768554688,0.18741628399792246,1.256403586870695e-14,0.000999000999000999,0.01813945472240448,0.031163692474365234,0.037051186221134076,0.0,3400,3400
Qwen/Qwen2.5-3B,36,char,1,0.07210312783718109,0.0010328292846679688,0.07107029855251312,0.743811410067613,1.2210956438972518e-188,0.000999000999000999,0.06669338475912809,0.075580988638103,0.11662491341849056,0.0,3400,3400
Qwen/Qwen2.5-3B,36,mean,0,0.6889675259590149,0.6640263199806213,0.024941205978393555,0.18738110875777533,1.2704372038751986e-14,0.000999000999000999,0.01813574880361557,0.031156998872756955,0.03027133403587168,0.0,3400,3400
Qwen/Qwen2.5-3B,36,mean,1,0.07210417091846466,0.001033778302371502,0.07107039541006088,0.7438078732183451,1.2257504818584565e-188,0.000999000999000999,0.0666934110224247,0.07558021955192089,0.12459979797491068,0.0,3400,3400
hfl/chinese-macbert-base,0,char,0,0.261152446269989,0.24049760401248932,0.020654842257499695,0.2872903692857659,5.032355575788655e-32,0.000999000999000999,0.017166176065802573,0.02404722012579441,0.04687532259551961,0.0,3400,3400
hfl/chinese-macbert-base,0,char,1,0.0306569691747427,0.00030008997418917716,0.0303568784147501,0.4451040930832037,5.799741830290169e-73,0.000999000999000999,0.027199858473613857,0.03366228677332401,0.06850915217666212,0.0,3400,3400
hfl/chinese-macbert-base,0,mean,0,0.7027544975280762,0.6951533555984497,0.007601141929626465,0.21205434506780585,2.8425295891516726e-18,0.000999000999000999,0.005853308737277985,0.009370601177215577,0.03452722081725068,0.0,3400,3400
hfl/chinese-macbert-base,0,mean,1,0.0306569691747427,0.00030009003239683807,0.0303568784147501,0.4451040981021567,5.799741830290169e-73,0.000999000999000999,0.0271998621057719,0.03366228677332401,0.06366832225919179,0.0,3400,3400
hfl/chinese-macbert-base,3,char,0,0.6833451390266418,0.6764880418777466,0.006857097148895264,0.08163837012171844,0.0007667450566455345,0.001998001998001998,0.002739351987838745,0.010835172235965728,0.029216609564545633,0.0,3400,3400
hfl/chinese-macbert-base,3,char,1,0.04107542335987091,0.0009733702172525227,0.04010205343365669,0.4530665131337563,1.0379756623366607e-75,0.000999000999000999,0.036067274212837216,0.04413250694051385,0.0706025993345339,0.0,3400,3400
hfl/chinese-macbert-base,3,mean,0,0.9047627449035645,0.9028095006942749,0.0019532442092895508,0.07354561989399255,0.0024366924372862205,0.001998001998001998,0.0006643041968345642,0.0032209157943725586,0.02519289506498082,5.776582174679972e-278,3400,3400
hfl/chinese-macbert-base,3,mean,1,0.04106294363737106,0.0009715835331007838,0.04009136185050011,0.4527503907114627,1.3028451466828887e-75,0.000999000999000999,0.03603523364290595,0.04414630904793739,0.07135408656502532,0.0,3400,3400
hfl/chinese-macbert-base,6,char,0,0.8654757738113403,0.8627101182937622,0.002765655517578125,0.05990985841134617,0.013529432233061389,0.005994005994005994,0.0005918189883232117,0.00490647554397583,0.020665617170862884,1.0373955625176718e-187,3400,3400
hfl/chinese-macbert-base,6,char,1,0.04275113344192505,0.0007147585856728256,0.04203637316823006,0.3886340568178386,1.1041686959594717e-56,0.000999000999000999,0.03697653291746974,0.046804262697696684,0.062195775494331744,0.0,3400,3400
hfl/chinese-macbert-base,6,mean,0,0.933965802192688,0.9326136112213135,0.0013521909713745117,0.059328279698674935,0.014461061549158438,0.005994005994005994,0.00029250830411911013,0.0024001210927963256,0.024305665828702642,7.113323033984803e-259,3400,3400
hfl/chinese-macbert-base,6,mean,1,0.04273337125778198,0.000704682432115078,0.04202868789434433,0.3884922038541374,1.2076870122974665e-56,0.000999000999000999,0.03695777244865894,0.04677397822961211,0.05794335514141049,0.0,3400,3400
hfl/chinese-macbert-base,9,char,0,0.8874533176422119,0.8853379487991333,0.0021153688430786133,0.037927647836727384,0.11793271697290245,0.07692307692307693,-0.0006389558315277099,0.004746693372726441,0.016056566902513288,4.166758969107652e-114,3400,3400
hfl/chinese-macbert-base,9,char,1,0.04327577352523804,-0.0006660907529294491,0.043941862881183624,0.32120331813521,1.569067232933023e-39,0.000999000999000999,0.03716956777498126,0.05011907024309039,0.0461963774785154,0.0,3400,3400
hfl/chinese-macbert-base,9,mean,0,0.9634594917297363,0.9627307653427124,0.0007287263870239258,0.04187794363903478,0.08425467936902035,0.04895104895104895,-0.00011850446462631223,0.001539890468120575,0.015230486882599838,7.317702008028106e-103,3400,3400
hfl/chinese-macbert-base,9,mean,1,0.04327403008937836,-0.0006686893757432699,0.04394271969795227,0.32118181158175596,1.5871840538477247e-39,0.000999000999000999,0.03716900860890746,0.050115241762250656,0.040616866609058215,0.0,3400,3400
hfl/chinese-macbert-base,12,char,0,0.9242690205574036,0.9235547780990601,0.0007142424583435059,0.016418126823674058,0.49850749937288763,0.2807192807192807,-0.0013945788145065308,0.0028384387493133535,0.012859042253581502,7.216299117474498e-74,3400,3400
hfl/chinese-macbert-base,12,char,1,0.04148333892226219,-0.0005761101492680609,0.04205944761633873,0.28153318979430497,7.461127244446884e-31,0.000999000999000999,0.03468930488452315,0.04873194685205817,0.03917550064353124,0.0,3400,3400
hfl/chinese-macbert-base,12,mean,0,0.9309863448143005,0.9296125173568726,0.0013738274574279785,0.03985303011496391,0.10038611602944149,0.057942057942057944,-0.00031641423702239986,0.003078676760196686,0.020275742986964353,9.032913282824148e-181,3400,3400
hfl/chinese-macbert-base,12,mean,1,0.040486108511686325,-1.6486505046486855e-05,0.04050259664654732,0.2802407095291999,1.374667164417255e-30,0.000999000999000999,0.033224270306527616,0.04725163634866476,0.03964104721225458,0.0,3400,3400
nghuyong/ernie-3.0-base-zh,0,char,0,0.32021430134773254,0.30629295110702515,0.013921350240707397,0.10619424711168246,1.212970510467386e-05,0.000999000999000999,0.007866908609867097,0.020521236211061476,0.03804216749638158,0.0,3400,3400
nghuyong/ernie-3.0-base-zh,0,char,1,0.029279833659529686,0.000587362446822226,0.028692470863461494,0.5073038074286951,7.973265894698593e-94,0.000999000999000999,0.02610029298812151,0.03148555504158139,0.07735630569410856,0.0,3400,3400
nghuyong/ernie-3.0-base-zh,0,mean,0,0.6466473937034607,0.6403599381446838,0.0062874555587768555,0.07957416279723667,0.0010398268300095043,0.000999000999000999,0.0026045203208923343,0.010211779177188872,0.031543876496000614,0.0,3400,3400
nghuyong/ernie-3.0-base-zh,0,mean,1,0.029279833659529686,0.0005873623886145651,0.028692470863461494,0.5073038063277293,7.973265894698593e-94,0.000999000999000999,0.02610029298812151,0.03148555504158139,0.07623788466839174,0.0,3400,3400
nghuyong/ernie-3.0-base-zh,3,char,0,0.7027056813240051,0.6987364888191223,0.0039691925048828125,0.040833956137027755,0.09230013478173933,0.04395604395604396,-0.0006515756249427795,0.00861237496137619,0.01788597630994873,4.086868449805814e-141,3400,3400
nghuyong/ernie-3.0-base-zh,3,char,1,0.039171282202005386,0.0007079681381583214,0.03846331313252449,0.34396965146483743,5.3331325913856076e-45,0.000999000999000999,0.03294549025595188,0.044086604844778776,0.05561021079185711,0.0,3400,3400
nghuyong/ernie-3.0-base-zh,3,mean,0,0.8136730194091797,0.8118851780891418,0.0017878413200378418,0.026840308615654868,0.26848592893012324,0.13786213786213786,-0.0014739617705345153,0.004892216622829435,0.01903885035530279,1.2575423099019092e-159,3400,3400
nghuyong/ernie-3.0-base-zh,3,mean,1,0.038752809166908264,0.0013482411159202456,0.03740456700325012,0.3344363182144336,1.1401714683949265e-42,0.000999000999000999,0.0318525904789567,0.04291192004457116,0.058737368522078226,0.0,3400,3400
nghuyong/ernie-3.0-base-zh,6,char,0,0.8606597781181335,0.8590168356895447,0.0016429424285888672,0.02414010655873344,0.3196528086752141,0.17582417582417584,-0.0016814038157463072,0.004845812916755675,0.011456375848865892,5.189735016902762e-59,3400,3400
nghuyong/ernie-3.0-base-zh,6,char,1,0.037884462624788284,0.0004121160600334406,0.03747234493494034,0.2520877438112059,4.0852622355814054e-25,0.000999000999000999,0.030380553379654885,0.04475141298025846,0.041266468255575714,0.0,3400,3400
nghuyong/ernie-3.0-base-zh,6,mean,0,0.912665605545044,0.911717414855957,0.0009481906890869141,0.02205347325149468,0.36320082798313513,0.1968031968031968,-0.001150403916835785,0.0029571413993835444,0.009836713751693477,5.659095681210429e-44,3400,3400
nghuyong/ernie-3.0-base-zh,6,mean,1,0.037526775151491165,0.001469594077207148,0.036057181656360626,0.24052159031287224,5.0419119266430867e-23,0.000999000999000999,0.028864025557413697,0.04336054921150208,0.03668510242834145,0.0,3400,3400
nghuyong/ernie-3.0-base-zh,9,char,0,0.9148213267326355,0.9147206544876099,0.00010067224502563477,0.0015485015596646094,0.9490773821994091,0.4905094905094905,-0.002964383363723755,0.0031029507517814636,0.01094683291299056,4.90378609732812e-54,3400,3400
nghuyong/ernie-3.0-base-zh,9,char,1,0.037278901785612106,0.00014030231977812946,0.037138599902391434,0.22353898778281958,4.0110311540652296e-20,0.000999000999000999,0.028435164736583828,0.045234781224280596,0.029328680507519217,0.0,3400,3400
nghuyong/ernie-3.0-base-zh,9,mean,0,0.9619886875152588,0.9619166254997253,7.206201553344727e-05,0.0027678608289675517,0.9090821801726894,0.47352647352647353,-0.0011726096272468567,0.0012621939182281493,0.0170601273694271,1.4562288731664681e-128,3400,3400
nghuyong/ernie-3.0-base-zh,9,mean,1,0.03698963671922684,-0.00013324484461918473,0.03712288290262222,0.22523876774280602,2.0988767986349923e-20,0.000999000999000999,0.028440839936956765,0.04503392176702618,0.03173843123746782,0.0,3400,3400
nghuyong/ernie-3.0-base-zh,12,char,0,0.9460417628288269,0.9435590505599976,0.0024827122688293457,0.02186817527955029,0.367267463729521,0.1958041958041958,-0.0029485851526260373,0.008179348707199096,0.01695894666652353,4.574686386099222e-127,3400,3400
nghuyong/ernie-3.0-base-zh,12,char,1,0.04067346826195717,0.0008991286158561707,0.039774339646101,0.22465928289388343,2.619116872321271e-20,0.000999000999000999,0.030735728750005364,0.048161018174141645,0.030378481553689225,0.0,3400,3400
nghuyong/ernie-3.0-base-zh,12,mean,0,0.9423226118087769,0.9398898482322693,0.0024327635765075684,0.02508998446424734,0.3009633077565459,0.15584415584415584,-0.002128902077674866,0.007285390794277191,0.014167031562377202,2.9452703006730188e-89,3400,3400
nghuyong/ernie-3.0-base-zh,12,mean,1,0.039999693632125854,0.001292141736485064,0.03870755061507225,0.1957527436096206,8.176066575826275e-16,0.000999000999000999,0.02881964440457523,0.04863656554371119,0.02495364543334111,9.482878215418408e-273,3400,3400
hfl/chinese-bert-wwm-ext,0,char,0,0.17884676158428192,0.1476159542798996,0.031230807304382324,0.4052453541977058,3.210537580086808e-61,0.000999000999000999,0.027864041551947594,0.03486697115004063,0.06689245877872639,0.0,3400,3400
hfl/chinese-bert-wwm-ext,0,char,1,0.03692960739135742,0.000670236477162689,0.03625937178730965,0.4905201083124416,1.2592588101526823e-87,0.000999000999000999,0.032837029453366993,0.039643837977200745,0.07890962695660149,0.0,3400,3400
hfl/chinese-bert-wwm-ext,0,mean,0,0.6113183498382568,0.5963782668113708,0.014940083026885986,0.4058659149968971,2.024057783702206e-61,0.000999000999000999,0.01326737403869629,0.016682639718055725,0.0668094028950643,0.0,3400,3400
hfl/chinese-bert-wwm-ext,0,mean,1,0.03692960739135742,0.0006702365353703499,0.03625937178730965,0.4905201011444066,1.2592795149199856e-87,0.000999000999000999,0.032837029453366993,0.039643837977200745,0.08070269632086424,0.0,3400,3400
hfl/chinese-bert-wwm-ext,1,char,0,0.33542242646217346,0.31058159470558167,0.024840831756591797,0.29756253135748467,3.2778303330722754e-34,0.000999000999000999,0.02075554132461548,0.028880257904529572,0.05566792918821906,0.0,3400,3400
hfl/chinese-bert-wwm-ext,1,char,1,0.041543472558259964,0.0005511604249477386,0.040992312133312225,0.5046606812836768,1.7471022506341206e-92,0.000999000999000999,0.037324714567512275,0.04493444422259927,0.08045112756653655,0.0,3400,3400
hfl/chinese-bert-wwm-ext,1,mean,0,0.7859345078468323,0.7782474756240845,0.007687032222747803,0.2555007971587235,9.659673803506249e-26,0.000999000999000999,0.006259320676326752,0.00915258824825287,0.045568140461917046,0.0,3400,3400
hfl/chinese-bert-wwm-ext,1,mean,1,0.04137628898024559,0.0007178889936767519,0.04065839946269989,0.5005221039766642,4.55655797489675e-91,0.000999000999000999,0.03697118228301406,0.04455849900841713,0.0852324194079359,0.0,3400,3400
hfl/chinese-bert-wwm-ext,2,char,0,0.5110741257667542,0.4934217631816864,0.01765236258506775,0.221205282960999,9.760689001549913e-20,0.000999000999000999,0.013901912420988084,0.02145140320062637,0.05074626372783429,0.0,3400,3400
hfl/chinese-bert-wwm-ext,2,char,1,0.04244251176714897,0.00010646424198057503,0.04233604669570923,0.5014070131121781,1.991428051254996e-91,0.000999000999000999,0.03855118351057172,0.046215344686061144,0.07829065320817441,0.0,3400,3400
hfl/chinese-bert-wwm-ext,2,mean,0,0.8679603338241577,0.863482654094696,0.00447767972946167,0.18766646402998952,1.1619867708206561e-14,0.000999000999000999,0.003327682614326477,0.005654926598072051,0.04255890477938552,0.0,3400,3400
hfl/chinese-bert-wwm-ext,2,mean,1,0.04264380782842636,4.7588979214197025e-05,0.04259621724486351,0.5029320068649502,5.793829221669904e-92,0.000999000999000999,0.03886498278006911,0.046425567008554935,0.07857802566626289,0.0,3400,3400
hfl/chinese-bert-wwm-ext,3,char,0,0.6240000128746033,0.6107697486877441,0.01323026418685913,0.17950351723280072,1.5166281116437356e-13,0.000999000999000999,0.009860000014305115,0.016854135692119597,0.047116259342120735,0.0,3400,3400
hfl/chinese-bert-wwm-ext,3,char,1,0.04281971603631973,-6.91075183567591e-05,0.0428888238966465,0.485528297351553,4.184677058379409e-86,0.000999000999000999,0.03881183033809066,0.04677257155999541,0.07787318889502887,0.0,3400,3400
hfl/chinese-bert-wwm-ext,3,mean,0,0.8892104029655457,0.8854994773864746,0.003710925579071045,0.15989496106409531,4.651009371355249e-11,0.000999000999000999,0.002639186382293701,0.004851606488227844,0.03514110942398423,0.0,3400,3400
hfl/chinese-bert-wwm-ext,3,mean,1,0.0427379235625267,6.190819021867355e-06,0.04273173213005066,0.4833155717836933,2.2669556365478253e-85,0.000999000999000999,0.03862727861851454,0.04660440972074866,0.07271792500020144,0.0,3400,3400
hfl/chinese-bert-wwm-ext,4,char,0,0.7037143707275391,0.6944268941879272,0.009287476539611816,0.12029762013845051,7.221117928543884e-07,0.000999000999000999,0.0055332213640213014,0.013253599405288696,0.03633716533886462,0.0,3400,3400
hfl/chinese-bert-wwm-ext,4,char,1,0.045521222054958344,-0.0001676262472756207,0.045688848942518234,0.49053843900940663,8.327851616064773e-88,0.000999000999000999,0.04129745410755277,0.049939507618546486,0.07352989836583325,0.0,3400,3400
hfl/chinese-bert-wwm-ext,4,mean,0,0.9171252250671387,0.9148232340812683,0.0023019909858703613,0.09847014493698415,4.962957797072798e-05,0.000999000999000999,0.001137717068195343,0.003483511507511139,0.03359948758100769,0.0,3400,3400
hfl/chinese-bert-wwm-ext,4,mean,1,0.04546152055263519,0.00012360734399408102,0.04533791169524193,0.484615582934206,7.819066252195602e-86,0.000999000999000999,0.04096560701727867,0.04960850551724434,0.0776030816639607,0.0,3400,3400
hfl/chinese-bert-wwm-ext,5,char,0,0.775253176689148,0.7686904072761536,0.006562769412994385,0.09317728798430462,0.00012324291737029545,0.000999000999000999,0.0031955808401107786,0.01015603393316269,0.0359867243863331,0.0,3400,3400
hfl/chinese-bert-wwm-ext,5,char,1,0.0470861978828907,-0.0008002801332622766,0.047886479645967484,0.48950475996148957,1.60627733043348e-87,0.000999000999000999,0.043140601739287375,0.05238208593800664,0.07922328588672548,0.0,3400,3400
hfl/chinese-bert-wwm-ext,5,mean,0,0.9311842918395996,0.9293543100357056,0.001829981803894043,0.07781847027459933,0.0013401840925416663,0.001998001998001998,0.0007327362895011902,0.0030299678444862367,0.029246497827775195,0.0,3400,3400
hfl/chinese-bert-wwm-ext,5,mean,1,0.047673121094703674,-0.001087624579668045,0.04876074567437172,0.4821115543110466,4.343699921431303e-85,0.000999000999000999,0.043790440540760756,0.05361898560076952,0.07229176454086658,0.0,3400,3400
hfl/chinese-bert-wwm-ext,6,char,0,0.8169717788696289,0.8126329779624939,0.00433880090713501,0.06584847895066247,0.006644381703225342,0.002997002997002997,0.0012161165475845336,0.007696637511253357,0.03363298877668137,0.0,3400,3400
hfl/chinese-bert-wwm-ext,6,char,1,0.04658098518848419,-0.00043166076648049057,0.04701264575123787,0.4521475462771703,2.1593670219137471e-75,0.000999000999000999,0.04178171390667558,0.05188066577538848,0.06904712395184859,0.0,3400,3400
hfl/chinese-bert-wwm-ext,6,mean,0,0.9378212690353394,0.936487078666687,0.0013341903686523438,0.0555790035682404,0.021953942803608236,0.015984015984015984,0.00020322948694229126,0.002594722807407379,0.03197918872590019,0.0,3400,3400
hfl/chinese-bert-wwm-ext,6,mean,1,0.0473153255879879,-0.0004216145898681134,0.047736939042806625,0.4352844196696973,3.456365843485725e-70,0.000999000999000999,0.042297171894460917,0.05311841331422329,0.06241993854736216,0.0,3400,3400
hfl/chinese-bert-wwm-ext,7,char,0,0.8156611919403076,0.811506986618042,0.004154205322265625,0.056407482267922145,0.020060642823001854,0.012987012987012988,0.0007019251585006715,0.007903765141963958,0.026851533506383477,0.0,3400,3400
hfl/chinese-bert-wwm-ext,7,char,1,0.04738840088248253,0.00023291489924304187,0.047155484557151794,0.44038000536937616,9.767399225185176e-72,0.000999000999000999,0.041871944814920424,0.05203549889847636,0.06779467122732395,0.0,3400,3400
hfl/chinese-bert-wwm-ext,7,mean,0,0.9286497831344604,0.9272271990776062,0.001422584056854248,0.0467606838462258,0.05389883183841173,0.03596403596403597,-1.3220310211181614e-05,0.002954384684562683,0.02331729703713057,2.057091451456652e-238,3400,3400
hfl/chinese-bert-wwm-ext,7,mean,1,0.046861499547958374,0.001015941146761179,0.04584555700421333,0.40010282199006514,7.602674717344213e-60,0.000999000999000999,0.04023782992735505,0.05138663034886121,0.06490205239526983,0.0,3400,3400
hfl/chinese-bert-wwm-ext,8,char,0,0.7986882925033569,0.793612003326416,0.005076289176940918,0.058754750797904105,0.015439339891752748,0.011988011988011988,0.0009379044175148012,0.009488552808761597,0.023500187769477193,3.8998891468402375e-242,3400,3400
hfl/chinese-bert-wwm-ext,8,char,1,0.051384251564741135,0.0013410004321485758,0.0500432513654232,0.435687594142976,2.7199303359784607e-70,0.000999000999000999,0.0444152575917542,0.055633365735411645,0.07086392754822446,0.0,3400,3400
hfl/chinese-bert-wwm-ext,8,mean,0,0.9090723991394043,0.90705406665802,0.0020183324813842773,0.04911309787726247,0.042905974127566374,0.03596403596403597,6.0164928436279316e-05,0.00413534790277481,0.024542858284066098,6.537733501370137e-264,3400,3400
hfl/chinese-bert-wwm-ext,8,mean,1,0.05027676001191139,0.0020657561253756285,0.048211004585027695,0.39288555679348586,8.06597126747555e-58,0.000999000999000999,0.04198367735370993,0.05429213335737586,0.06347064090136449,0.0,3400,3400
hfl/chinese-bert-wwm-ext,9,char,0,0.8266804814338684,0.8219018578529358,0.004778623580932617,0.05397155350815037,0.026094725445841422,0.022977022977022976,0.0004307851195335388,0.009243759512901305,0.027505712506962522,0.0,3400,3400
hfl/chinese-bert-wwm-ext,9,char,1,0.05151720717549324,0.0015229769051074982,0.04999423027038574,0.4040134764702125,6.430225893342543e-61,0.000999000999000999,0.044053290877491234,0.05581799931824207,0.06617124696671563,0.0,3400,3400
hfl/chinese-bert-wwm-ext,9,mean,0,0.9107739329338074,0.9084162712097168,0.002357661724090576,0.05136553103577048,0.03422314469337067,0.026973026973026972,0.00022971630096435547,0.004780827462673187,0.019344278728027478,1.0044817724233179e-164,3400,3400
hfl/chinese-bert-wwm-ext,9,mean,1,0.05094172805547714,0.002635141834616661,0.04830658435821533,0.3565109945393602,4.181598968121506e-48,0.000999000999000999,0.04159640166908503,0.055165203381329776,0.059001644813182284,0.0,3400,3400
hfl/chinese-bert-wwm-ext,10,char,0,0.8865752220153809,0.883610188961029,0.0029650330543518066,0.04246415702135379,0.08001454627980499,0.053946053946053944,-0.0005153164267539977,0.006406518816947937,0.023764752759502517,1.4295080832446542e-247,3400,3400
hfl/chinese-bert-wwm-ext,10,char,1,0.05255305394530296,0.0027173012495040894,0.049835752695798874,0.3867102964333886,4.415090474957126e-56,0.000999000999000999,0.04382357113063336,0.055988072976469995,0.062098041229041175,0.0,3400,3400
hfl/chinese-bert-wwm-ext,10,mean,0,0.9352002143859863,0.9333983659744263,0.0018018484115600586,0.04726625141367629,0.051353677565804445,0.03496503496503497,-2.852082252502438e-05,0.003743994235992431,0.024617683871771878,1.6459047805203996e-265,3400,3400
hfl/chinese-bert-wwm-ext,10,mean,1,0.05254942178726196,0.003759987186640501,0.048789434134960175,0.34766026459452093,7.197296861313256e-46,0.000999000999000999,0.042174902744591236,0.05590278962627053,0.058804918080112734,0.0,3400,3400
hfl/chinese-bert-wwm-ext,11,char,0,0.8745456337928772,0.8708058595657349,0.003739774227142334,0.04983867765841121,0.039922810849393885,0.028971028971028972,7.070451974868778e-05,0.007510831952095031,0.026460909823778838,1.9512430169647154e-306,3400,3400
hfl/chinese-bert-wwm-ext,11,char,1,0.05248749256134033,0.0030026151798665524,0.04948487877845764,0.3779009754525834,1.0882760074798723e-53,0.000999000999000999,0.04339723475277424,0.05582785913720727,0.05678975724589646,0.0,3400,3400
hfl/chinese-bert-wwm-ext,11,mean,0,0.9162656664848328,0.9134479761123657,0.002817690372467041,0.05766704725625918,0.017451010752502712,0.012987012987012988,0.00046318471431732177,0.005322185158729553,0.02708376768763119,0.0,3400,3400
hfl/chinese-bert-wwm-ext,11,mean,1,0.05453067272901535,0.003454091725870967,0.051076579838991165,0.36282391791526425,1.012884628941194e-49,0.000999000999000999,0.04443592373281717,0.05810805112123489,0.057841493684090264,0.0,3400,3400
hfl/chinese-bert-wwm-ext,12,char,0,0.7882360219955444,0.7819486856460571,0.006287336349487305,0.056966848626667246,0.018861412503509537,0.014985014985014986,0.0008692234754562378,0.011768312752246856,0.019866114200872212,1.2740487382348086e-173,3400,3400
hfl/chinese-bert-wwm-ext,12,char,1,0.05248910188674927,0.003504848573356867,0.04898425191640854,0.37542303542324806,4.8796815912433265e-53,0.000999000999000999,0.042892021406441924,0.05541686164215207,0.05468539384480443,0.0,3400,3400
hfl/chinese-bert-wwm-ext,12,mean,0,0.8568847179412842,0.85187166929245,0.0050130486488342285,0.06320102447167428,0.009183668536716443,0.006993006993006993,0.0011153757572174073,0.008975787460803986,0.02740337556648782,0.0,3400,3400
hfl/chinese-bert-wwm-ext,12,mean,1,0.05801317095756531,0.00306509668007493,0.054948072880506516,0.3945043002317962,2.8405752827440524e-58,0.000999000999000999,0.04832630576565862,0.061783863510936496,0.058571036879959,0.0,3400,3400
