model,anchor_r1,r1_num,anchor_r2,r2_num,n_trials,top1_target_rate,top10_target_rate,baseline_rate,lift_top10
xlm-roberta-base,水,85,火,86,30,0.06666666666666667,0.06333333333333334,0.021408182683158895,2.9583703703703708
xlm-roberta-base,水,85,木,75,30,0.23333333333333334,0.17,0.047573739295908656,3.5734000000000004
xlm-roberta-base,水,85,金,167,30,0.06666666666666667,0.09666666666666666,0.03758325404376784,2.572067510548523
xlm-roberta-base,水,85,心,61,30,0.0,0.07,0.03330161750713606,2.1020000000000003
xlm-roberta-base,水,85,口,30,30,0.13333333333333333,0.12333333333333334,0.05629559150015858,2.190816901408451
xlm-roberta-base,水,85,言,149,30,0.0,0.013333333333333334,0.03853472882968601,0.3460082304526749
xlm-roberta-base,水,85,鸟,196,30,0.9,0.2966666666666667,0.010466222645099905,28.345151515151517
xlm-roberta-base,水,85,鱼,195,30,0.9,0.5433333333333333,0.008721852204249921,62.29563636363636
xlm-roberta-base,水,85,山,46,30,0.23333333333333334,0.14666666666666667,0.012686330478908976,11.561
xlm-roberta-base,水,85,石,112,30,0.03333333333333333,0.016666666666666666,0.013320647002854425,1.2511904761904762
xlm-roberta-base,水,85,田,102,30,0.0,0.0,0.005550269584522677,0.0
xlm-roberta-base,水,85,目,109,30,0.0,0.013333333333333334,0.012210593085949888,1.091948051948052
xlm-roberta-base,火,86,水,85,30,0.1,0.26,0.06454170631144941,4.028402948402949
xlm-roberta-base,火,86,木,75,30,0.16666666666666666,0.14,0.047573739295908656,2.9428000000000005
xlm-roberta-base,火,86,金,167,30,0.3,0.15666666666666668,0.03758325404376784,4.168523206751055
xlm-roberta-base,火,86,心,61,30,0.3333333333333333,0.12666666666666668,0.03330161750713606,3.803619047619048
xlm-roberta-base,火,86,口,30,30,0.3333333333333333,0.22666666666666666,0.05629559150015858,4.026366197183099
xlm-roberta-base,火,86,言,149,30,0.03333333333333333,0.04,0.03853472882968601,1.0380246913580247
xlm-roberta-base,火,86,鸟,196,30,0.7666666666666667,0.22,0.010466222645099905,21.02
xlm-roberta-base,火,86,鱼,195,30,1.0,0.5633333333333334,0.008721852204249921,64.58872727272727
xlm-roberta-base,火,86,山,46,30,0.13333333333333333,0.09666666666666666,0.012686330478908976,7.61975
xlm-roberta-base,火,86,石,112,30,0.06666666666666667,0.06,0.013320647002854425,4.504285714285714
xlm-roberta-base,火,86,田,102,30,0.0,0.013333333333333334,0.005550269584522677,2.4022857142857146
xlm-roberta-base,火,86,目,109,30,0.0,0.01,0.012210593085949888,0.818961038961039
xlm-roberta-base,木,75,水,85,30,0.7,0.43666666666666665,0.06454170631144941,6.765651105651106
xlm-roberta-base,木,75,火,86,30,0.16666666666666666,0.10666666666666667,0.021408182683158895,4.9825185185185195
xlm-roberta-base,木,75,金,167,30,0.5666666666666667,0.19666666666666666,0.03758325404376784,5.232827004219409
xlm-roberta-base,木,75,心,61,30,0.1,0.09,0.03330161750713606,2.7025714285714284
xlm-roberta-base,木,75,口,30,30,0.6333333333333333,0.16333333333333333,0.05629559150015858,2.901352112676056
xlm-roberta-base,木,75,言,149,30,0.13333333333333333,0.02,0.03853472882968601,0.5190123456790123
xlm-roberta-base,木,75,鸟,196,30,0.6666666666666666,0.3,0.010466222645099905,28.663636363636364
xlm-roberta-base,木,75,鱼,195,30,1.0,0.54,0.008721852204249921,61.91345454545455
xlm-roberta-base,木,75,山,46,30,0.03333333333333333,0.03333333333333333,0.012686330478908976,2.6275
xlm-roberta-base,木,75,石,112,30,0.03333333333333333,0.03666666666666667,0.013320647002854425,2.7526190476190475
xlm-roberta-base,木,75,田,102,30,0.03333333333333333,0.01,0.005550269584522677,1.8017142857142858
xlm-roberta-base,木,75,目,109,30,0.2,0.06666666666666667,0.012210593085949888,5.45974025974026
xlm-roberta-base,金,167,水,85,30,0.6666666666666666,0.38333333333333336,0.06454170631144941,5.93931203931204
xlm-roberta-base,金,167,火,86,30,0.3,0.19666666666666666,0.021408182683158895,9.186518518518518
xlm-roberta-base,金,167,木,75,30,0.13333333333333333,0.09,0.047573739295908656,1.8918000000000001
xlm-roberta-base,金,167,心,61,30,0.03333333333333333,0.07,0.03330161750713606,2.1020000000000003
xlm-roberta-base,金,167,口,30,30,0.4,0.29,0.05629559150015858,5.15138028169014
xlm-roberta-base,金,167,言,149,30,0.0,0.056666666666666664,0.03853472882968601,1.4705349794238682
xlm-roberta-base,金,167,鸟,196,30,0.7333333333333333,0.12666666666666668,0.010466222645099905,12.102424242424243
xlm-roberta-base,金,167,鱼,195,30,0.9666666666666667,0.4766666666666667,0.008721852204249921,54.652
xlm-roberta-base,金,167,山,46,30,0.03333333333333333,0.03666666666666667,0.012686330478908976,2.89025
xlm-roberta-base,金,167,石,112,30,0.0,0.03333333333333333,0.013320647002854425,2.5023809523809524
xlm-roberta-base,金,167,田,102,30,0.0,0.02,0.005550269584522677,3.6034285714285716
xlm-roberta-base,金,167,目,109,30,0.13333333333333333,0.06,0.012210593085949888,4.913766233766234
xlm-roberta-base,心,61,水,85,30,0.43333333333333335,0.31333333333333335,0.06454170631144941,4.8547420147420155
xlm-roberta-base,心,61,火,86,30,0.2,0.1,0.021408182683158895,4.671111111111111
xlm-roberta-base,心,61,木,75,30,0.13333333333333333,0.10666666666666667,0.047573739295908656,2.2421333333333338
xlm-roberta-base,心,61,金,167,30,0.6,0.21333333333333335,0.03758325404376784,5.676286919831224
xlm-roberta-base,心,61,口,30,30,0.13333333333333333,0.08666666666666667,0.05629559150015858,1.5394929577464789
xlm-roberta-base,心,61,言,149,30,0.16666666666666666,0.09333333333333334,0.03853472882968601,2.4220576131687244
xlm-roberta-base,心,61,鸟,196,30,0.36666666666666664,0.17,0.010466222645099905,16.242727272727276
xlm-roberta-base,心,61,鱼,195,30,1.0,0.5666666666666667,0.008721852204249921,64.97090909090909
xlm-roberta-base,心,61,山,46,30,0.1,0.07666666666666666,0.012686330478908976,6.04325
xlm-roberta-base,心,61,石,112,30,0.0,0.02,0.013320647002854425,1.5014285714285713
xlm-roberta-base,心,61,田,102,30,0.0,0.01,0.005550269584522677,1.8017142857142858
xlm-roberta-base,心,61,目,109,30,0.06666666666666667,0.02666666666666667,0.012210593085949888,2.183896103896104
xlm-roberta-base,口,30,水,85,30,0.06666666666666667,0.27666666666666667,0.06454170631144941,4.286633906633907
xlm-roberta-base,口,30,火,86,30,0.16666666666666666,0.12666666666666668,0.021408182683158895,5.9167407407407415
xlm-roberta-base,口,30,木,75,30,0.06666666666666667,0.09,0.047573739295908656,1.8918000000000001
xlm-roberta-base,口,30,金,167,30,0.2,0.23333333333333334,0.03758325404376784,6.208438818565401
xlm-roberta-base,口,30,心,61,30,0.1,0.06333333333333334,0.03330161750713606,1.901809523809524
xlm-roberta-base,口,30,言,149,30,0.1,0.05,0.03853472882968601,1.297530864197531
xlm-roberta-base,口,30,鸟,196,30,0.43333333333333335,0.18,0.010466222645099905,17.19818181818182
xlm-roberta-base,口,30,鱼,195,30,0.9333333333333333,0.56,0.008721852204249921,64.20654545454546
xlm-roberta-base,口,30,山,46,30,0.13333333333333333,0.07,0.012686330478908976,5.51775
xlm-roberta-base,口,30,石,112,30,0.03333333333333333,0.013333333333333334,0.013320647002854425,1.000952380952381
xlm-roberta-base,口,30,田,102,30,0.0,0.0033333333333333335,0.005550269584522677,0.6005714285714286
xlm-roberta-base,口,30,目,109,30,0.0,0.04,0.012210593085949888,3.275844155844156
xlm-roberta-base,言,149,水,85,30,0.5333333333333333,0.34,0.06454170631144941,5.267911547911549
xlm-roberta-base,言,149,火,86,30,0.26666666666666666,0.25333333333333335,0.021408182683158895,11.833481481481483
xlm-roberta-base,言,149,木,75,30,0.03333333333333333,0.08333333333333333,0.047573739295908656,1.7516666666666667
xlm-roberta-base,言,149,金,167,30,0.03333333333333333,0.08,0.03758325404376784,2.128607594936709
xlm-roberta-base,言,149,心,61,30,0.0,0.02666666666666667,0.03330161750713606,0.8007619047619048
xlm-roberta-base,言,149,口,30,30,0.3333333333333333,0.18333333333333332,0.05629559150015858,3.256619718309859
xlm-roberta-base,言,149,鸟,196,30,0.43333333333333335,0.11,0.010466222645099905,10.51
xlm-roberta-base,言,149,鱼,195,30,1.0,0.44333333333333336,0.008721852204249921,50.83018181818182
xlm-roberta-base,言,149,山,46,30,0.06666666666666667,0.03666666666666667,0.012686330478908976,2.89025
xlm-roberta-base,言,149,石,112,30,0.0,0.04666666666666667,0.013320647002854425,3.5033333333333334
xlm-roberta-base,言,149,田,102,30,0.0,0.0033333333333333335,0.005550269584522677,0.6005714285714286
xlm-roberta-base,言,149,目,109,30,0.06666666666666667,0.05,0.012210593085949888,4.094805194805195
xlm-roberta-base,鸟,196,水,85,30,0.16666666666666666,0.36,0.06454170631144941,5.577788697788698
xlm-roberta-base,鸟,196,火,86,30,0.1,0.10333333333333333,0.021408182683158895,4.826814814814815
xlm-roberta-base,鸟,196,木,75,30,0.03333333333333333,0.08,0.047573739295908656,1.6816000000000002
xlm-roberta-base,鸟,196,金,167,30,0.4666666666666667,0.15,0.03758325404376784,3.991139240506329
xlm-roberta-base,鸟,196,心,61,30,0.16666666666666666,0.11333333333333333,0.03330161750713606,3.403238095238095
xlm-roberta-base,鸟,196,口,30,30,0.06666666666666667,0.06333333333333334,0.05629559150015858,1.1250140845070424
xlm-roberta-base,鸟,196,言,149,30,0.0,0.04,0.03853472882968601,1.0380246913580247
xlm-roberta-base,鸟,196,鱼,195,30,0.8333333333333334,0.43333333333333335,0.008721852204249921,49.68363636363636
xlm-roberta-base,鸟,196,山,46,30,0.36666666666666664,0.16666666666666666,0.012686330478908976,13.1375
xlm-roberta-base,鸟,196,石,112,30,0.0,0.013333333333333334,0.013320647002854425,1.000952380952381
xlm-roberta-base,鸟,196,田,102,30,0.03333333333333333,0.006666666666666667,0.005550269584522677,1.2011428571428573
xlm-roberta-base,鸟,196,目,109,30,0.03333333333333333,0.02,0.012210593085949888,1.637922077922078
xlm-roberta-base,鱼,195,水,85,30,0.5,0.29,0.06454170631144941,4.493218673218673
xlm-roberta-base,鱼,195,火,86,30,0.4,0.16666666666666666,0.021408182683158895,7.785185185185185
xlm-roberta-base,鱼,195,木,75,30,0.23333333333333334,0.20666666666666667,0.047573739295908656,4.344133333333334
xlm-roberta-base,鱼,195,金,167,30,0.36666666666666664,0.20333333333333334,0.03758325404376784,5.410210970464135
xlm-roberta-base,鱼,195,心,61,30,0.0,0.06333333333333334,0.03330161750713606,1.901809523809524
xlm-roberta-base,鱼,195,口,30,30,0.1,0.04666666666666667,0.05629559150015858,0.8289577464788732
xlm-roberta-base,鱼,195,言,149,30,0.0,0.01,0.03853472882968601,0.25950617283950617
xlm-roberta-base,鱼,195,鸟,196,30,0.6333333333333333,0.13666666666666666,0.010466222645099905,13.057878787878787
xlm-roberta-base,鱼,195,山,46,30,0.03333333333333333,0.11666666666666667,0.012686330478908976,9.19625
xlm-roberta-base,鱼,195,石,112,30,0.0,0.04,0.013320647002854425,3.0028571428571427
xlm-roberta-base,鱼,195,田,102,30,0.03333333333333333,0.02666666666666667,0.005550269584522677,4.804571428571429
xlm-roberta-base,鱼,195,目,109,30,0.0,0.013333333333333334,0.012210593085949888,1.091948051948052
xlm-roberta-base,山,46,水,85,30,0.23333333333333334,0.4166666666666667,0.06454170631144941,6.455773955773956
xlm-roberta-base,山,46,火,86,30,0.13333333333333333,0.09,0.021408182683158895,4.204
xlm-roberta-base,山,46,木,75,30,0.1,0.10666666666666667,0.047573739295908656,2.2421333333333338
xlm-roberta-base,山,46,金,167,30,0.4666666666666667,0.14,0.03758325404376784,3.7250632911392407
xlm-roberta-base,山,46,心,61,30,0.06666666666666667,0.11666666666666667,0.03330161750713606,3.5033333333333334
xlm-roberta-base,山,46,口,30,30,0.2,0.14,0.05629559150015858,2.48687323943662
xlm-roberta-base,山,46,言,149,30,0.03333333333333333,0.03666666666666667,0.03853472882968601,0.951522633744856
xlm-roberta-base,山,46,鸟,196,30,0.2,0.18333333333333332,0.010466222645099905,17.516666666666666
xlm-roberta-base,山,46,鱼,195,30,1.0,0.57,0.008721852204249921,65.3530909090909
xlm-roberta-base,山,46,石,112,30,0.06666666666666667,0.02666666666666667,0.013320647002854425,2.001904761904762
xlm-roberta-base,山,46,田,102,30,0.06666666666666667,0.03666666666666667,0.005550269584522677,6.606285714285714
xlm-roberta-base,山,46,目,109,30,0.1,0.03,0.012210593085949888,2.456883116883117
xlm-roberta-base,石,112,水,85,30,0.3,0.46,0.06454170631144941,7.127174447174448
xlm-roberta-base,石,112,火,86,30,0.26666666666666666,0.12666666666666668,0.021408182683158895,5.9167407407407415
xlm-roberta-base,石,112,木,75,30,0.1,0.05,0.047573739295908656,1.0510000000000002
xlm-roberta-base,石,112,金,167,30,0.3333333333333333,0.13333333333333333,0.03758325404376784,3.547679324894515
xlm-roberta-base,石,112,心,61,30,0.26666666666666666,0.09666666666666666,0.03330161750713606,2.902761904761905
xlm-roberta-base,石,112,口,30,30,0.5333333333333333,0.27666666666666667,0.05629559150015858,4.914535211267606
xlm-roberta-base,石,112,言,149,30,0.03333333333333333,0.04666666666666667,0.03853472882968601,1.2110288065843622
xlm-roberta-base,石,112,鸟,196,30,0.03333333333333333,0.12666666666666668,0.010466222645099905,12.102424242424243
xlm-roberta-base,石,112,鱼,195,30,1.0,0.49333333333333335,0.008721852204249921,56.56290909090909
xlm-roberta-base,石,112,山,46,30,0.03333333333333333,0.03666666666666667,0.012686330478908976,2.89025
xlm-roberta-base,石,112,田,102,30,0.2,0.05333333333333334,0.005550269584522677,9.609142857142858
xlm-roberta-base,石,112,目,109,30,0.0,0.03,0.012210593085949888,2.456883116883117
xlm-roberta-base,田,102,水,85,30,0.8666666666666667,0.31333333333333335,0.06454170631144941,4.8547420147420155
xlm-roberta-base,田,102,火,86,30,0.2,0.17666666666666667,0.021408182683158895,8.252296296296297
xlm-roberta-base,田,102,木,75,30,0.1,0.08666666666666667,0.047573739295908656,1.8217333333333334
xlm-roberta-base,田,102,金,167,30,0.36666666666666664,0.16666666666666666,0.03758325404376784,4.434599156118143
xlm-roberta-base,田,102,心,61,30,0.43333333333333335,0.19,0.03330161750713606,5.7054285714285715
xlm-roberta-base,田,102,口,30,30,0.23333333333333334,0.15666666666666668,0.05629559150015858,2.7829295774647886
xlm-roberta-base,田,102,言,149,30,0.1,0.10333333333333333,0.03853472882968601,2.6815637860082306
xlm-roberta-base,田,102,鸟,196,30,0.16666666666666666,0.11,0.010466222645099905,10.51
xlm-roberta-base,田,102,鱼,195,30,1.0,0.49,0.008721852204249921,56.18072727272727
xlm-roberta-base,田,102,山,46,30,0.1,0.06,0.012686330478908976,4.7295
xlm-roberta-base,田,102,石,112,30,0.03333333333333333,0.01,0.013320647002854425,0.7507142857142857
xlm-roberta-base,田,102,目,109,30,0.26666666666666666,0.09333333333333334,0.012210593085949888,7.6436363636363645
xlm-roberta-base,目,109,水,85,30,0.7333333333333333,0.44,0.06454170631144941,6.817297297297298
xlm-roberta-base,目,109,火,86,30,0.23333333333333334,0.19333333333333333,0.021408182683158895,9.030814814814814
xlm-roberta-base,目,109,木,75,30,0.03333333333333333,0.12666666666666668,0.047573739295908656,2.6625333333333336
xlm-roberta-base,目,109,金,167,30,0.3,0.25333333333333335,0.03758325404376784,6.740590717299579
xlm-roberta-base,目,109,心,61,30,0.5,0.16333333333333333,0.03330161750713606,4.9046666666666665
xlm-roberta-base,目,109,口,30,30,0.3333333333333333,0.19333333333333333,0.05629559150015858,3.4342535211267604
xlm-roberta-base,目,109,言,149,30,0.03333333333333333,0.03,0.03853472882968601,0.7785185185185185
xlm-roberta-base,目,109,鸟,196,30,0.8333333333333334,0.16,0.010466222645099905,15.287272727272727
xlm-roberta-base,目,109,鱼,195,30,0.9666666666666667,0.48,0.008721852204249921,55.034181818181814
xlm-roberta-base,目,109,山,46,30,0.0,0.07,0.012686330478908976,5.51775
xlm-roberta-base,目,109,石,112,30,0.36666666666666664,0.07333333333333333,0.013320647002854425,5.505238095238095
xlm-roberta-base,目,109,田,102,30,0.0,0.02,0.005550269584522677,3.6034285714285716
bert-base-multilingual-cased,水,85,火,86,30,0.23333333333333334,0.08333333333333333,0.021408182683158895,3.8925925925925924
bert-base-multilingual-cased,水,85,木,75,30,0.16666666666666666,0.14666666666666667,0.047573739295908656,3.0829333333333335
bert-base-multilingual-cased,水,85,金,167,30,0.0,0.04,0.03758325404376784,1.0643037974683545
bert-base-multilingual-cased,水,85,心,61,30,0.03333333333333333,0.056666666666666664,0.03330161750713606,1.7016190476190476
bert-base-multilingual-cased,水,85,口,30,30,0.06666666666666667,0.04666666666666667,0.05629559150015858,0.8289577464788732
bert-base-multilingual-cased,水,85,言,149,30,0.3333333333333333,0.24333333333333335,0.03853472882968601,6.314650205761318
bert-base-multilingual-cased,水,85,鸟,196,30,0.43333333333333335,0.3566666666666667,0.010466222645099905,34.07787878787879
bert-base-multilingual-cased,水,85,鱼,195,30,0.0,0.013333333333333334,0.008721852204249921,1.5287272727272727
bert-base-multilingual-cased,水,85,山,46,30,0.13333333333333333,0.08,0.012686330478908976,6.306
bert-base-multilingual-cased,水,85,石,112,30,0.0,0.06,0.013320647002854425,4.504285714285714
bert-base-multilingual-cased,水,85,田,102,30,0.0,0.016666666666666666,0.005550269584522677,3.0028571428571427
bert-base-multilingual-cased,水,85,目,109,30,0.0,0.03333333333333333,0.012210593085949888,2.72987012987013
bert-base-multilingual-cased,火,86,水,85,30,0.23333333333333334,0.21,0.06454170631144941,3.2537100737100735
bert-base-multilingual-cased,火,86,木,75,30,0.06666666666666667,0.11,0.047573739295908656,2.3122000000000003
bert-base-multilingual-cased,火,86,金,167,30,0.06666666666666667,0.056666666666666664,0.03758325404376784,1.5077637130801687
bert-base-multilingual-cased,火,86,心,61,30,0.0,0.05333333333333334,0.03330161750713606,1.6015238095238096
bert-base-multilingual-cased,火,86,口,30,30,0.03333333333333333,0.06333333333333334,0.05629559150015858,1.1250140845070424
bert-base-multilingual-cased,火,86,言,149,30,0.03333333333333333,0.22666666666666666,0.03853472882968601,5.882139917695473
bert-base-multilingual-cased,火,86,鸟,196,30,0.4,0.23333333333333334,0.010466222645099905,22.293939393939393
bert-base-multilingual-cased,火,86,鱼,195,30,0.0,0.0,0.008721852204249921,0.0
bert-base-multilingual-cased,火,86,山,46,30,0.03333333333333333,0.056666666666666664,0.012686330478908976,4.466749999999999
bert-base-multilingual-cased,火,86,石,112,30,0.06666666666666667,0.08666666666666667,0.013320647002854425,6.5061904761904765
bert-base-multilingual-cased,火,86,田,102,30,0.0,0.006666666666666667,0.005550269584522677,1.2011428571428573
bert-base-multilingual-cased,火,86,目,109,30,0.0,0.04,0.012210593085949888,3.275844155844156
bert-base-multilingual-cased,木,75,水,85,30,0.3,0.24333333333333335,0.06454170631144941,3.7701719901719906
bert-base-multilingual-cased,木,75,火,86,30,0.26666666666666666,0.11,0.021408182683158895,5.138222222222223
bert-base-multilingual-cased,木,75,金,167,30,0.03333333333333333,0.04666666666666667,0.03758325404376784,1.2416877637130803
bert-base-multilingual-cased,木,75,心,61,30,0.06666666666666667,0.05333333333333334,0.03330161750713606,1.6015238095238096
bert-base-multilingual-cased,木,75,口,30,30,0.06666666666666667,0.10333333333333333,0.05629559150015858,1.8355492957746478
bert-base-multilingual-cased,木,75,言,149,30,0.06666666666666667,0.14666666666666667,0.03853472882968601,3.806090534979424
bert-base-multilingual-cased,木,75,鸟,196,30,0.3333333333333333,0.29333333333333333,0.010466222645099905,28.026666666666667
bert-base-multilingual-cased,木,75,鱼,195,30,0.0,0.0,0.008721852204249921,0.0
bert-base-multilingual-cased,木,75,山,46,30,0.0,0.03666666666666667,0.012686330478908976,2.89025
bert-base-multilingual-cased,木,75,石,112,30,0.0,0.07666666666666666,0.013320647002854425,5.75547619047619
bert-base-multilingual-cased,木,75,田,102,30,0.0,0.0,0.005550269584522677,0.0
bert-base-multilingual-cased,木,75,目,109,30,0.0,0.0,0.012210593085949888,0.0
bert-base-multilingual-cased,金,167,水,85,30,0.5333333333333333,0.3933333333333333,0.06454170631144941,6.094250614250614
bert-base-multilingual-cased,金,167,火,86,30,0.36666666666666664,0.17666666666666667,0.021408182683158895,8.252296296296297
bert-base-multilingual-cased,金,167,木,75,30,0.03333333333333333,0.1,0.047573739295908656,2.1020000000000003
bert-base-multilingual-cased,金,167,心,61,30,0.0,0.07,0.03330161750713606,2.1020000000000003
bert-base-multilingual-cased,金,167,口,30,30,0.0,0.05333333333333334,0.05629559150015858,0.9473802816901409
bert-base-multilingual-cased,金,167,言,149,30,0.06666666666666667,0.17333333333333334,0.03853472882968601,4.498106995884774
bert-base-multilingual-cased,金,167,鸟,196,30,0.6,0.17,0.010466222645099905,16.242727272727276
bert-base-multilingual-cased,金,167,鱼,195,30,0.0,0.0033333333333333335,0.008721852204249921,0.3821818181818182
bert-base-multilingual-cased,金,167,山,46,30,0.03333333333333333,0.06333333333333334,0.012686330478908976,4.99225
bert-base-multilingual-cased,金,167,石,112,30,0.06666666666666667,0.07333333333333333,0.013320647002854425,5.505238095238095
bert-base-multilingual-cased,金,167,田,102,30,0.0,0.01,0.005550269584522677,1.8017142857142858
bert-base-multilingual-cased,金,167,目,109,30,0.0,0.006666666666666667,0.012210593085949888,0.545974025974026
bert-base-multilingual-cased,心,61,水,85,30,0.4666666666666667,0.2833333333333333,0.06454170631144941,4.38992628992629
bert-base-multilingual-cased,心,61,火,86,30,0.3,0.1,0.021408182683158895,4.671111111111111
bert-base-multilingual-cased,心,61,木,75,30,0.0,0.05,0.047573739295908656,1.0510000000000002
bert-base-multilingual-cased,心,61,金,167,30,0.06666666666666667,0.09333333333333334,0.03758325404376784,2.4833755274261606
bert-base-multilingual-cased,心,61,口,30,30,0.06666666666666667,0.07,0.05629559150015858,1.24343661971831
bert-base-multilingual-cased,心,61,言,149,30,0.2,0.28,0.03853472882968601,7.266172839506174
bert-base-multilingual-cased,心,61,鸟,196,30,0.8,0.21,0.010466222645099905,20.064545454545453
bert-base-multilingual-cased,心,61,鱼,195,30,0.0,0.0,0.008721852204249921,0.0
bert-base-multilingual-cased,心,61,山,46,30,0.0,0.10666666666666667,0.012686330478908976,8.408
bert-base-multilingual-cased,心,61,石,112,30,0.06666666666666667,0.10666666666666667,0.013320647002854425,8.007619047619048
bert-base-multilingual-cased,心,61,田,102,30,0.0,0.013333333333333334,0.005550269584522677,2.4022857142857146
bert-base-multilingual-cased,心,61,目,109,30,0.06666666666666667,0.03666666666666667,0.012210593085949888,3.002857142857143
bert-base-multilingual-cased,口,30,水,85,30,0.06666666666666667,0.18333333333333332,0.06454170631144941,2.84054054054054
bert-base-multilingual-cased,口,30,火,86,30,0.13333333333333333,0.2866666666666667,0.021408182683158895,13.390518518518519
bert-base-multilingual-cased,口,30,木,75,30,0.43333333333333335,0.16666666666666666,0.047573739295908656,3.5033333333333334
bert-base-multilingual-cased,口,30,金,167,30,0.03333333333333333,0.04666666666666667,0.03758325404376784,1.2416877637130803
bert-base-multilingual-cased,口,30,心,61,30,0.0,0.08666666666666667,0.03330161750713606,2.6024761904761906
bert-base-multilingual-cased,口,30,言,149,30,0.5666666666666667,0.2866666666666667,0.03853472882968601,7.439176954732511
bert-base-multilingual-cased,口,30,鸟,196,30,0.7666666666666667,0.4866666666666667,0.010466222645099905,46.49878787878788
bert-base-multilingual-cased,口,30,鱼,195,30,0.0,0.006666666666666667,0.008721852204249921,0.7643636363636364
bert-base-multilingual-cased,口,30,山,46,30,0.0,0.08666666666666667,0.012686330478908976,6.8315
bert-base-multilingual-cased,口,30,石,112,30,0.0,0.13666666666666666,0.013320647002854425,10.259761904761904
bert-base-multilingual-cased,口,30,田,102,30,0.0,0.0,0.005550269584522677,0.0
bert-base-multilingual-cased,口,30,目,109,30,0.0,0.0033333333333333335,0.012210593085949888,0.272987012987013
bert-base-multilingual-cased,言,149,水,85,30,0.03333333333333333,0.13666666666666666,0.06454170631144941,2.1174938574938573
bert-base-multilingual-cased,言,149,火,86,30,0.13333333333333333,0.14,0.021408182683158895,6.539555555555556
bert-base-multilingual-cased,言,149,木,75,30,0.26666666666666666,0.12666666666666668,0.047573739295908656,2.6625333333333336
bert-base-multilingual-cased,言,149,金,167,30,0.03333333333333333,0.06666666666666667,0.03758325404376784,1.7738396624472574
bert-base-multilingual-cased,言,149,心,61,30,0.03333333333333333,0.06,0.03330161750713606,1.8017142857142856
bert-base-multilingual-cased,言,149,口,30,30,0.0,0.03,0.05629559150015858,0.5329014084507042
bert-base-multilingual-cased,言,149,鸟,196,30,0.4,0.27,0.010466222645099905,25.79727272727273
bert-base-multilingual-cased,言,149,鱼,195,30,0.0,0.0,0.008721852204249921,0.0
bert-base-multilingual-cased,言,149,山,46,30,0.06666666666666667,0.1,0.012686330478908976,7.8825
bert-base-multilingual-cased,言,149,石,112,30,0.0,0.03333333333333333,0.013320647002854425,2.5023809523809524
bert-base-multilingual-cased,言,149,田,102,30,0.0,0.0,0.005550269584522677,0.0
bert-base-multilingual-cased,言,149,目,109,30,0.0,0.0033333333333333335,0.012210593085949888,0.272987012987013
bert-base-multilingual-cased,鸟,196,水,85,30,0.36666666666666664,0.34,0.06454170631144941,5.267911547911549
bert-base-multilingual-cased,鸟,196,火,86,30,0.3333333333333333,0.19,0.021408182683158895,8.875111111111112
bert-base-multilingual-cased,鸟,196,木,75,30,0.0,0.08666666666666667,0.047573739295908656,1.8217333333333334
bert-base-multilingual-cased,鸟,196,金,167,30,0.0,0.02,0.03758325404376784,0.5321518987341772
bert-base-multilingual-cased,鸟,196,心,61,30,0.1,0.07333333333333333,0.03330161750713606,2.202095238095238
bert-base-multilingual-cased,鸟,196,口,30,30,0.0,0.023333333333333334,0.05629559150015858,0.4144788732394366
bert-base-multilingual-cased,鸟,196,言,149,30,0.13333333333333333,0.24,0.03853472882968601,6.228148148148148
bert-base-multilingual-cased,鸟,196,鱼,195,30,0.0,0.0,0.008721852204249921,0.0
bert-base-multilingual-cased,鸟,196,山,46,30,0.0,0.13666666666666666,0.012686330478908976,10.772749999999998
bert-base-multilingual-cased,鸟,196,石,112,30,0.1,0.09666666666666666,0.013320647002854425,7.256904761904762
bert-base-multilingual-cased,鸟,196,田,102,30,0.0,0.02,0.005550269584522677,3.6034285714285716
bert-base-multilingual-cased,鸟,196,目,109,30,0.0,0.006666666666666667,0.012210593085949888,0.545974025974026
bert-base-multilingual-cased,鱼,195,水,85,30,0.0,0.06,0.06454170631144941,0.9296314496314496
bert-base-multilingual-cased,鱼,195,火,86,30,0.13333333333333333,0.25,0.021408182683158895,11.677777777777779
bert-base-multilingual-cased,鱼,195,木,75,30,0.13333333333333333,0.23,0.047573739295908656,4.834600000000001
bert-base-multilingual-cased,鱼,195,金,167,30,0.0,0.023333333333333334,0.03758325404376784,0.6208438818565402
bert-base-multilingual-cased,鱼,195,心,61,30,0.0,0.0033333333333333335,0.03330161750713606,0.1000952380952381
bert-base-multilingual-cased,鱼,195,口,30,30,0.0,0.04,0.05629559150015858,0.7105352112676057
bert-base-multilingual-cased,鱼,195,言,149,30,0.1,0.043333333333333335,0.03853472882968601,1.1245267489711934
bert-base-multilingual-cased,鱼,195,鸟,196,30,0.36666666666666664,0.4,0.010466222645099905,38.21818181818182
bert-base-multilingual-cased,鱼,195,山,46,30,0.1,0.09666666666666666,0.012686330478908976,7.61975
bert-base-multilingual-cased,鱼,195,石,112,30,0.0,0.08333333333333333,0.013320647002854425,6.2559523809523805
bert-base-multilingual-cased,鱼,195,田,102,30,0.0,0.006666666666666667,0.005550269584522677,1.2011428571428573
bert-base-multilingual-cased,鱼,195,目,109,30,0.0,0.0,0.012210593085949888,0.0
bert-base-multilingual-cased,山,46,水,85,30,0.23333333333333334,0.13,0.06454170631144941,2.0142014742014744
bert-base-multilingual-cased,山,46,火,86,30,0.1,0.19666666666666666,0.021408182683158895,9.186518518518518
bert-base-multilingual-cased,山,46,木,75,30,0.16666666666666666,0.10666666666666667,0.047573739295908656,2.2421333333333338
bert-base-multilingual-cased,山,46,金,167,30,0.0,0.04666666666666667,0.03758325404376784,1.2416877637130803
bert-base-multilingual-cased,山,46,心,61,30,0.06666666666666667,0.04,0.03330161750713606,1.201142857142857
bert-base-multilingual-cased,山,46,口,30,30,0.0,0.11333333333333333,0.05629559150015858,2.0131830985915493
bert-base-multilingual-cased,山,46,言,149,30,0.03333333333333333,0.08666666666666667,0.03853472882968601,2.249053497942387
bert-base-multilingual-cased,山,46,鸟,196,30,0.5,0.29333333333333333,0.010466222645099905,28.026666666666667
bert-base-multilingual-cased,山,46,鱼,195,30,0.0,0.0,0.008721852204249921,0.0
bert-base-multilingual-cased,山,46,石,112,30,0.06666666666666667,0.14333333333333334,0.013320647002854425,10.760238095238096
bert-base-multilingual-cased,山,46,田,102,30,0.0,0.0,0.005550269584522677,0.0
bert-base-multilingual-cased,山,46,目,109,30,0.0,0.016666666666666666,0.012210593085949888,1.364935064935065
bert-base-multilingual-cased,石,112,水,85,30,0.16666666666666666,0.29333333333333333,0.06454170631144941,4.544864864864865
bert-base-multilingual-cased,石,112,火,86,30,0.36666666666666664,0.22666666666666666,0.021408182683158895,10.587851851851852
bert-base-multilingual-cased,石,112,木,75,30,0.0,0.07333333333333333,0.047573739295908656,1.5414666666666668
bert-base-multilingual-cased,石,112,金,167,30,0.06666666666666667,0.12666666666666668,0.03758325404376784,3.3702953586497895
bert-base-multilingual-cased,石,112,心,61,30,0.03333333333333333,0.08,0.03330161750713606,2.402285714285714
bert-base-multilingual-cased,石,112,口,30,30,0.03333333333333333,0.14,0.05629559150015858,2.48687323943662
bert-base-multilingual-cased,石,112,言,149,30,0.03333333333333333,0.12,0.03853472882968601,3.114074074074074
bert-base-multilingual-cased,石,112,鸟,196,30,0.3,0.20333333333333334,0.010466222645099905,19.42757575757576
bert-base-multilingual-cased,石,112,鱼,195,30,0.0,0.0,0.008721852204249921,0.0
bert-base-multilingual-cased,石,112,山,46,30,0.0,0.02,0.012686330478908976,1.5765
bert-base-multilingual-cased,石,112,田,102,30,0.0,0.0033333333333333335,0.005550269584522677,0.6005714285714286
bert-base-multilingual-cased,石,112,目,109,30,0.0,0.02,0.012210593085949888,1.637922077922078
bert-base-multilingual-cased,田,102,水,85,30,0.3333333333333333,0.22666666666666666,0.06454170631144941,3.511941031941032
bert-base-multilingual-cased,田,102,火,86,30,0.16666666666666666,0.12,0.021408182683158895,5.605333333333333
bert-base-multilingual-cased,田,102,木,75,30,0.16666666666666666,0.3,0.047573739295908656,6.306
bert-base-multilingual-cased,田,102,金,167,30,0.0,0.08666666666666667,0.03758325404376784,2.305991561181435
bert-base-multilingual-cased,田,102,心,61,30,0.13333333333333333,0.09666666666666666,0.03330161750713606,2.902761904761905
bert-base-multilingual-cased,田,102,口,30,30,0.03333333333333333,0.09333333333333334,0.05629559150015858,1.6579154929577464
bert-base-multilingual-cased,田,102,言,149,30,0.13333333333333333,0.15666666666666668,0.03853472882968601,4.065596707818931
bert-base-multilingual-cased,田,102,鸟,196,30,0.6,0.16,0.010466222645099905,15.287272727272727
bert-base-multilingual-cased,田,102,鱼,195,30,0.0,0.0033333333333333335,0.008721852204249921,0.3821818181818182
bert-base-multilingual-cased,田,102,山,46,30,0.1,0.06666666666666667,0.012686330478908976,5.255
bert-base-multilingual-cased,田,102,石,112,30,0.1,0.09666666666666666,0.013320647002854425,7.256904761904762
bert-base-multilingual-cased,田,102,目,109,30,0.0,0.006666666666666667,0.012210593085949888,0.545974025974026
bert-base-multilingual-cased,目,109,水,85,30,0.13333333333333333,0.29333333333333333,0.06454170631144941,4.544864864864865
bert-base-multilingual-cased,目,109,火,86,30,0.6,0.4533333333333333,0.021408182683158895,21.175703703703704
bert-base-multilingual-cased,目,109,木,75,30,0.06666666666666667,0.05333333333333334,0.047573739295908656,1.1210666666666669
bert-base-multilingual-cased,目,109,金,167,30,0.03333333333333333,0.02666666666666667,0.03758325404376784,0.709535864978903
bert-base-multilingual-cased,目,109,心,61,30,0.3,0.12,0.03330161750713606,3.603428571428571
bert-base-multilingual-cased,目,109,口,30,30,0.16666666666666666,0.24666666666666667,0.05629559150015858,4.381633802816902
bert-base-multilingual-cased,目,109,言,149,30,0.23333333333333334,0.08666666666666667,0.03853472882968601,2.249053497942387
bert-base-multilingual-cased,目,109,鸟,196,30,0.4,0.23,0.010466222645099905,21.975454545454546
bert-base-multilingual-cased,目,109,鱼,195,30,0.0,0.006666666666666667,0.008721852204249921,0.7643636363636364
bert-base-multilingual-cased,目,109,山,46,30,0.36666666666666664,0.15666666666666668,0.012686330478908976,12.34925
bert-base-multilingual-cased,目,109,石,112,30,0.03333333333333333,0.09,0.013320647002854425,6.756428571428571
bert-base-multilingual-cased,目,109,田,102,30,0.0,0.0,0.005550269584522677,0.0
cl-tohoku/bert-base-japanese-char-v3,水,85,火,86,30,0.6,0.41,0.021408182683158895,19.151555555555554
cl-tohoku/bert-base-japanese-char-v3,水,85,木,75,30,0.6333333333333333,0.5233333333333333,0.047573739295908656,11.000466666666666
cl-tohoku/bert-base-japanese-char-v3,水,85,金,167,30,0.03333333333333333,0.02,0.03758325404376784,0.5321518987341772
cl-tohoku/bert-base-japanese-char-v3,水,85,心,61,30,0.6666666666666666,0.55,0.03330161750713606,16.51571428571429
cl-tohoku/bert-base-japanese-char-v3,水,85,口,30,30,0.1,0.27666666666666667,0.05629559150015858,4.914535211267606
cl-tohoku/bert-base-japanese-char-v3,水,85,言,149,30,0.03333333333333333,0.013333333333333334,0.03853472882968601,0.3460082304526749
cl-tohoku/bert-base-japanese-char-v3,水,85,鸟,196,30,0.0,0.01,0.010466222645099905,0.9554545454545454
cl-tohoku/bert-base-japanese-char-v3,水,85,鱼,195,30,0.0,0.01,0.008721852204249921,1.1465454545454545
cl-tohoku/bert-base-japanese-char-v3,水,85,山,46,30,0.26666666666666666,0.22666666666666666,0.012686330478908976,17.866999999999997
cl-tohoku/bert-base-japanese-char-v3,水,85,石,112,30,0.0,0.006666666666666667,0.013320647002854425,0.5004761904761905
cl-tohoku/bert-base-japanese-char-v3,水,85,田,102,30,0.06666666666666667,0.023333333333333334,0.005550269584522677,4.204000000000001
cl-tohoku/bert-base-japanese-char-v3,水,85,目,109,30,0.8666666666666667,0.22333333333333333,0.012210593085949888,18.29012987012987
cl-tohoku/bert-base-japanese-char-v3,火,86,水,85,30,0.5333333333333333,0.4033333333333333,0.06454170631144941,6.249189189189189
cl-tohoku/bert-base-japanese-char-v3,火,86,木,75,30,0.5333333333333333,0.49333333333333335,0.047573739295908656,10.369866666666667
cl-tohoku/bert-base-japanese-char-v3,火,86,金,167,30,0.06666666666666667,0.11333333333333333,0.03758325404376784,3.0155274261603373
cl-tohoku/bert-base-japanese-char-v3,火,86,心,61,30,0.6666666666666666,0.25333333333333335,0.03330161750713606,7.607238095238096
cl-tohoku/bert-base-japanese-char-v3,火,86,口,30,30,0.5333333333333333,0.25666666666666665,0.05629559150015858,4.559267605633803
cl-tohoku/bert-base-japanese-char-v3,火,86,言,149,30,0.0,0.043333333333333335,0.03853472882968601,1.1245267489711934
cl-tohoku/bert-base-japanese-char-v3,火,86,鸟,196,30,0.0,0.0,0.010466222645099905,0.0
cl-tohoku/bert-base-japanese-char-v3,火,86,鱼,195,30,0.0,0.0033333333333333335,0.008721852204249921,0.3821818181818182
cl-tohoku/bert-base-japanese-char-v3,火,86,山,46,30,0.6333333333333333,0.25,0.012686330478908976,19.70625
cl-tohoku/bert-base-japanese-char-v3,火,86,石,112,30,0.0,0.016666666666666666,0.013320647002854425,1.2511904761904762
cl-tohoku/bert-base-japanese-char-v3,火,86,田,102,30,0.4,0.07,0.005550269584522677,12.612000000000002
cl-tohoku/bert-base-japanese-char-v3,火,86,目,109,30,0.8333333333333334,0.21,0.012210593085949888,17.19818181818182
cl-tohoku/bert-base-japanese-char-v3,木,75,水,85,30,0.3,0.33,0.06454170631144941,5.112972972972973
cl-tohoku/bert-base-japanese-char-v3,木,75,火,86,30,0.7333333333333333,0.4166666666666667,0.021408182683158895,19.462962962962965
cl-tohoku/bert-base-japanese-char-v3,木,75,金,167,30,0.4,0.14,0.03758325404376784,3.7250632911392407
cl-tohoku/bert-base-japanese-char-v3,木,75,心,61,30,0.6333333333333333,0.4533333333333333,0.03330161750713606,13.61295238095238
cl-tohoku/bert-base-japanese-char-v3,木,75,口,30,30,0.13333333333333333,0.29333333333333333,0.05629559150015858,5.210591549295774
cl-tohoku/bert-base-japanese-char-v3,木,75,言,149,30,0.0,0.013333333333333334,0.03853472882968601,0.3460082304526749
cl-tohoku/bert-base-japanese-char-v3,木,75,鸟,196,30,0.03333333333333333,0.0033333333333333335,0.010466222645099905,0.3184848484848485
cl-tohoku/bert-base-japanese-char-v3,木,75,鱼,195,30,0.0,0.0033333333333333335,0.008721852204249921,0.3821818181818182
cl-tohoku/bert-base-japanese-char-v3,木,75,山,46,30,0.4666666666666667,0.37333333333333335,0.012686330478908976,29.428
cl-tohoku/bert-base-japanese-char-v3,木,75,石,112,30,0.03333333333333333,0.023333333333333334,0.013320647002854425,1.7516666666666667
cl-tohoku/bert-base-japanese-char-v3,木,75,田,102,30,0.1,0.1,0.005550269584522677,18.017142857142858
cl-tohoku/bert-base-japanese-char-v3,木,75,目,109,30,0.8333333333333334,0.22,0.012210593085949888,18.017142857142858
cl-tohoku/bert-base-japanese-char-v3,金,167,水,85,30,0.8,0.63,0.06454170631144941,9.761130221130221
cl-tohoku/bert-base-japanese-char-v3,金,167,火,86,30,0.9333333333333333,0.4666666666666667,0.021408182683158895,21.79851851851852
cl-tohoku/bert-base-japanese-char-v3,金,167,木,75,30,0.8666666666666667,0.6066666666666667,0.047573739295908656,12.752133333333335
cl-tohoku/bert-base-japanese-char-v3,金,167,心,61,30,0.7666666666666667,0.4033333333333333,0.03330161750713606,12.11152380952381
cl-tohoku/bert-base-japanese-char-v3,金,167,口,30,30,0.13333333333333333,0.41333333333333333,0.05629559150015858,7.342197183098591
cl-tohoku/bert-base-japanese-char-v3,金,167,言,149,30,0.03333333333333333,0.07666666666666666,0.03853472882968601,1.9895473251028806
cl-tohoku/bert-base-japanese-char-v3,金,167,鸟,196,30,0.0,0.0,0.010466222645099905,0.0
cl-tohoku/bert-base-japanese-char-v3,金,167,鱼,195,30,0.0,0.0,0.008721852204249921,0.0
cl-tohoku/bert-base-japanese-char-v3,金,167,山,46,30,0.6333333333333333,0.46,0.012686330478908976,36.2595
cl-tohoku/bert-base-japanese-char-v3,金,167,石,112,30,0.0,0.15666666666666668,0.013320647002854425,11.761190476190476
cl-tohoku/bert-base-japanese-char-v3,金,167,田,102,30,0.06666666666666667,0.16666666666666666,0.005550269584522677,30.02857142857143
cl-tohoku/bert-base-japanese-char-v3,金,167,目,109,30,0.9666666666666667,0.29,0.012210593085949888,23.74987012987013
cl-tohoku/bert-base-japanese-char-v3,心,61,水,85,30,0.3,0.38,0.06454170631144941,5.887665847665848
cl-tohoku/bert-base-japanese-char-v3,心,61,火,86,30,0.4,0.43,0.021408182683158895,20.08577777777778
cl-tohoku/bert-base-japanese-char-v3,心,61,木,75,30,0.9333333333333333,0.6533333333333333,0.047573739295908656,13.733066666666668
cl-tohoku/bert-base-japanese-char-v3,心,61,金,167,30,0.0,0.14,0.03758325404376784,3.7250632911392407
cl-tohoku/bert-base-japanese-char-v3,心,61,口,30,30,0.0,0.20333333333333334,0.05629559150015858,3.611887323943662
cl-tohoku/bert-base-japanese-char-v3,心,61,言,149,30,0.0,0.02,0.03853472882968601,0.5190123456790123
cl-tohoku/bert-base-japanese-char-v3,心,61,鸟,196,30,0.0,0.01,0.010466222645099905,0.9554545454545454
cl-tohoku/bert-base-japanese-char-v3,心,61,鱼,195,30,0.0,0.0033333333333333335,0.008721852204249921,0.3821818181818182
cl-tohoku/bert-base-japanese-char-v3,心,61,山,46,30,0.43333333333333335,0.20666666666666667,0.012686330478908976,16.290499999999998
cl-tohoku/bert-base-japanese-char-v3,心,61,石,112,30,0.0,0.016666666666666666,0.013320647002854425,1.2511904761904762
cl-tohoku/bert-base-japanese-char-v3,心,61,田,102,30,0.0,0.006666666666666667,0.005550269584522677,1.2011428571428573
cl-tohoku/bert-base-japanese-char-v3,心,61,目,109,30,0.6666666666666666,0.17,0.012210593085949888,13.922337662337664
cl-tohoku/bert-base-japanese-char-v3,口,30,水,85,30,0.6666666666666666,0.44666666666666666,0.06454170631144941,6.92058968058968
cl-tohoku/bert-base-japanese-char-v3,口,30,火,86,30,0.16666666666666666,0.58,0.021408182683158895,27.092444444444443
cl-tohoku/bert-base-japanese-char-v3,口,30,木,75,30,0.8666666666666667,0.84,0.047573739295908656,17.6568
cl-tohoku/bert-base-japanese-char-v3,口,30,金,167,30,0.6,0.15666666666666668,0.03758325404376784,4.168523206751055
cl-tohoku/bert-base-japanese-char-v3,口,30,心,61,30,0.6,0.2733333333333333,0.03330161750713606,8.207809523809523
cl-tohoku/bert-base-japanese-char-v3,口,30,言,149,30,0.0,0.08333333333333333,0.03853472882968601,2.162551440329218
cl-tohoku/bert-base-japanese-char-v3,口,30,鸟,196,30,0.0,0.0033333333333333335,0.010466222645099905,0.3184848484848485
cl-tohoku/bert-base-japanese-char-v3,口,30,鱼,195,30,0.0,0.0,0.008721852204249921,0.0
cl-tohoku/bert-base-japanese-char-v3,口,30,山,46,30,0.03333333333333333,0.22333333333333333,0.012686330478908976,17.60425
cl-tohoku/bert-base-japanese-char-v3,口,30,石,112,30,0.06666666666666667,0.15666666666666668,0.013320647002854425,11.761190476190476
cl-tohoku/bert-base-japanese-char-v3,口,30,田,102,30,0.06666666666666667,0.09333333333333334,0.005550269584522677,16.816000000000003
cl-tohoku/bert-base-japanese-char-v3,口,30,目,109,30,0.03333333333333333,0.24,0.012210593085949888,19.655064935064935
cl-tohoku/bert-base-japanese-char-v3,言,149,水,85,30,0.26666666666666666,0.5366666666666666,0.06454170631144941,8.315036855036855
cl-tohoku/bert-base-japanese-char-v3,言,149,火,86,30,0.2,0.5733333333333334,0.021408182683158895,26.781037037037038
cl-tohoku/bert-base-japanese-char-v3,言,149,木,75,30,0.9,0.7033333333333334,0.047573739295908656,14.784066666666668
cl-tohoku/bert-base-japanese-char-v3,言,149,金,167,30,0.03333333333333333,0.14,0.03758325404376784,3.7250632911392407
cl-tohoku/bert-base-japanese-char-v3,言,149,心,61,30,0.16666666666666666,0.30666666666666664,0.03330161750713606,9.208761904761904
cl-tohoku/bert-base-japanese-char-v3,言,149,口,30,30,0.1,0.3466666666666667,0.05629559150015858,6.1579718309859155
cl-tohoku/bert-base-japanese-char-v3,言,149,鸟,196,30,0.0,0.0,0.010466222645099905,0.0
cl-tohoku/bert-base-japanese-char-v3,言,149,鱼,195,30,0.0,0.0033333333333333335,0.008721852204249921,0.3821818181818182
cl-tohoku/bert-base-japanese-char-v3,言,149,山,46,30,0.06666666666666667,0.15666666666666668,0.012686330478908976,12.34925
cl-tohoku/bert-base-japanese-char-v3,言,149,石,112,30,0.03333333333333333,0.07333333333333333,0.013320647002854425,5.505238095238095
cl-tohoku/bert-base-japanese-char-v3,言,149,田,102,30,0.06666666666666667,0.07666666666666666,0.005550269584522677,13.813142857142855
cl-tohoku/bert-base-japanese-char-v3,言,149,目,109,30,0.7333333333333333,0.24,0.012210593085949888,19.655064935064935
cl-tohoku/bert-base-japanese-char-v3,鸟,196,水,85,30,0.13333333333333333,0.49666666666666665,0.06454170631144941,7.695282555282555
cl-tohoku/bert-base-japanese-char-v3,鸟,196,火,86,30,0.8,0.5633333333333334,0.021408182683158895,26.31392592592593
cl-tohoku/bert-base-japanese-char-v3,鸟,196,木,75,30,0.9,0.8166666666666667,0.047573739295908656,17.166333333333334
cl-tohoku/bert-base-japanese-char-v3,鸟,196,金,167,30,0.5666666666666667,0.14,0.03758325404376784,3.7250632911392407
cl-tohoku/bert-base-japanese-char-v3,鸟,196,心,61,30,0.1,0.37666666666666665,0.03330161750713606,11.310761904761904
cl-tohoku/bert-base-japanese-char-v3,鸟,196,口,30,30,0.13333333333333333,0.28,0.05629559150015858,4.97374647887324
cl-tohoku/bert-base-japanese-char-v3,鸟,196,言,149,30,0.0,0.13,0.03853472882968601,3.3735802469135807
cl-tohoku/bert-base-japanese-char-v3,鸟,196,鱼,195,30,0.0,0.006666666666666667,0.008721852204249921,0.7643636363636364
cl-tohoku/bert-base-japanese-char-v3,鸟,196,山,46,30,0.7,0.26666666666666666,0.012686330478908976,21.02
cl-tohoku/bert-base-japanese-char-v3,鸟,196,石,112,30,0.0,0.06666666666666667,0.013320647002854425,5.004761904761905
cl-tohoku/bert-base-japanese-char-v3,鸟,196,田,102,30,0.0,0.06666666666666667,0.005550269584522677,12.01142857142857
cl-tohoku/bert-base-japanese-char-v3,鸟,196,目,109,30,0.9333333333333333,0.2633333333333333,0.012210593085949888,21.565974025974025
cl-tohoku/bert-base-japanese-char-v3,鱼,195,水,85,30,0.03333333333333333,0.52,0.06454170631144941,8.056805896805898
cl-tohoku/bert-base-japanese-char-v3,鱼,195,火,86,30,0.8333333333333334,0.51,0.021408182683158895,23.822666666666667
cl-tohoku/bert-base-japanese-char-v3,鱼,195,木,75,30,0.9,0.7966666666666666,0.047573739295908656,16.745933333333333
cl-tohoku/bert-base-japanese-char-v3,鱼,195,金,167,30,0.5333333333333333,0.13666666666666666,0.03758325404376784,3.6363713080168774
cl-tohoku/bert-base-japanese-char-v3,鱼,195,心,61,30,0.06666666666666667,0.36666666666666664,0.03330161750713606,11.01047619047619
cl-tohoku/bert-base-japanese-char-v3,鱼,195,口,30,30,0.03333333333333333,0.27,0.05629559150015858,4.796112676056338
cl-tohoku/bert-base-japanese-char-v3,鱼,195,言,149,30,0.0,0.13666666666666666,0.03853472882968601,3.546584362139918
cl-tohoku/bert-base-japanese-char-v3,鱼,195,鸟,196,30,0.0,0.03666666666666667,0.010466222645099905,3.5033333333333334
cl-tohoku/bert-base-japanese-char-v3,鱼,195,山,46,30,0.6333333333333333,0.28,0.012686330478908976,22.071
cl-tohoku/bert-base-japanese-char-v3,鱼,195,石,112,30,0.0,0.07333333333333333,0.013320647002854425,5.505238095238095
cl-tohoku/bert-base-japanese-char-v3,鱼,195,田,102,30,0.0,0.08,0.005550269584522677,14.413714285714287
cl-tohoku/bert-base-japanese-char-v3,鱼,195,目,109,30,0.8,0.22333333333333333,0.012210593085949888,18.29012987012987
cl-tohoku/bert-base-japanese-char-v3,山,46,水,85,30,0.6,0.5,0.06454170631144941,7.746928746928747
cl-tohoku/bert-base-japanese-char-v3,山,46,火,86,30,0.8666666666666667,0.64,0.021408182683158895,29.895111111111113
cl-tohoku/bert-base-japanese-char-v3,山,46,木,75,30,0.7,0.58,0.047573739295908656,12.1916
cl-tohoku/bert-base-japanese-char-v3,山,46,金,167,30,0.7333333333333333,0.17,0.03758325404376784,4.523291139240507
cl-tohoku/bert-base-japanese-char-v3,山,46,心,61,30,0.8,0.62,0.03330161750713606,18.617714285714285
cl-tohoku/bert-base-japanese-char-v3,山,46,口,30,30,0.0,0.3333333333333333,0.05629559150015858,5.9211267605633795
cl-tohoku/bert-base-japanese-char-v3,山,46,言,149,30,0.0,0.03,0.03853472882968601,0.7785185185185185
cl-tohoku/bert-base-japanese-char-v3,山,46,鸟,196,30,0.0,0.0,0.010466222645099905,0.0
cl-tohoku/bert-base-japanese-char-v3,山,46,鱼,195,30,0.0,0.0,0.008721852204249921,0.0
cl-tohoku/bert-base-japanese-char-v3,山,46,石,112,30,0.06666666666666667,0.09333333333333334,0.013320647002854425,7.006666666666667
cl-tohoku/bert-base-japanese-char-v3,山,46,田,102,30,0.0,0.01,0.005550269584522677,1.8017142857142858
cl-tohoku/bert-base-japanese-char-v3,山,46,目,109,30,1.0,0.3333333333333333,0.012210593085949888,27.2987012987013
cl-tohoku/bert-base-japanese-char-v3,石,112,水,85,30,0.6666666666666666,0.48,0.06454170631144941,7.437051597051597
cl-tohoku/bert-base-japanese-char-v3,石,112,火,86,30,0.9,0.5966666666666667,0.021408182683158895,27.870962962962963
cl-tohoku/bert-base-japanese-char-v3,石,112,木,75,30,0.7666666666666667,0.5233333333333333,0.047573739295908656,11.000466666666666
cl-tohoku/bert-base-japanese-char-v3,石,112,金,167,30,0.03333333333333333,0.056666666666666664,0.03758325404376784,1.5077637130801687
cl-tohoku/bert-base-japanese-char-v3,石,112,心,61,30,0.6666666666666666,0.5066666666666667,0.03330161750713606,15.214476190476192
cl-tohoku/bert-base-japanese-char-v3,石,112,口,30,30,0.06666666666666667,0.36666666666666664,0.05629559150015858,6.513239436619718
cl-tohoku/bert-base-japanese-char-v3,石,112,言,149,30,0.0,0.006666666666666667,0.03853472882968601,0.17300411522633746
cl-tohoku/bert-base-japanese-char-v3,石,112,鸟,196,30,0.0,0.0033333333333333335,0.010466222645099905,0.3184848484848485
cl-tohoku/bert-base-japanese-char-v3,石,112,鱼,195,30,0.03333333333333333,0.006666666666666667,0.008721852204249921,0.7643636363636364
cl-tohoku/bert-base-japanese-char-v3,石,112,山,46,30,0.7,0.44666666666666666,0.012686330478908976,35.2085
cl-tohoku/bert-base-japanese-char-v3,石,112,田,102,30,0.7,0.11,0.005550269584522677,19.818857142857144
cl-tohoku/bert-base-japanese-char-v3,石,112,目,109,30,0.9333333333333333,0.2833333333333333,0.012210593085949888,23.203896103896106
cl-tohoku/bert-base-japanese-char-v3,田,102,水,85,30,0.5,0.33,0.06454170631144941,5.112972972972973
cl-tohoku/bert-base-japanese-char-v3,田,102,火,86,30,0.9333333333333333,0.5966666666666667,0.021408182683158895,27.870962962962963
cl-tohoku/bert-base-japanese-char-v3,田,102,木,75,30,0.5666666666666667,0.52,0.047573739295908656,10.9304
cl-tohoku/bert-base-japanese-char-v3,田,102,金,167,30,0.0,0.12,0.03758325404376784,3.192911392405063
cl-tohoku/bert-base-japanese-char-v3,田,102,心,61,30,0.03333333333333333,0.24,0.03330161750713606,7.206857142857142
cl-tohoku/bert-base-japanese-char-v3,田,102,口,30,30,0.26666666666666666,0.29333333333333333,0.05629559150015858,5.210591549295774
cl-tohoku/bert-base-japanese-char-v3,田,102,言,149,30,0.0,0.03333333333333333,0.03853472882968601,0.8650205761316873
cl-tohoku/bert-base-japanese-char-v3,田,102,鸟,196,30,0.0,0.056666666666666664,0.010466222645099905,5.414242424242424
cl-tohoku/bert-base-japanese-char-v3,田,102,鱼,195,30,0.0,0.01,0.008721852204249921,1.1465454545454545
cl-tohoku/bert-base-japanese-char-v3,田,102,山,46,30,0.5333333333333333,0.26666666666666666,0.012686330478908976,21.02
cl-tohoku/bert-base-japanese-char-v3,田,102,石,112,30,0.0,0.016666666666666666,0.013320647002854425,1.2511904761904762
cl-tohoku/bert-base-japanese-char-v3,田,102,目,109,30,0.9333333333333333,0.18666666666666668,0.012210593085949888,15.287272727272729
cl-tohoku/bert-base-japanese-char-v3,目,109,水,85,30,0.5666666666666667,0.4633333333333333,0.06454170631144941,7.178820638820639
cl-tohoku/bert-base-japanese-char-v3,目,109,火,86,30,0.9666666666666667,0.5866666666666667,0.021408182683158895,27.403851851851854
cl-tohoku/bert-base-japanese-char-v3,目,109,木,75,30,0.9333333333333333,0.76,0.047573739295908656,15.975200000000001
cl-tohoku/bert-base-japanese-char-v3,目,109,金,167,30,0.1,0.19,0.03758325404376784,5.055443037974683
cl-tohoku/bert-base-japanese-char-v3,目,109,心,61,30,0.0,0.18,0.03330161750713606,5.405142857142857
cl-tohoku/bert-base-japanese-char-v3,目,109,口,30,30,0.06666666666666667,0.04666666666666667,0.05629559150015858,0.8289577464788732
cl-tohoku/bert-base-japanese-char-v3,目,109,言,149,30,0.1,0.13666666666666666,0.03853472882968601,3.546584362139918
cl-tohoku/bert-base-japanese-char-v3,目,109,鸟,196,30,0.0,0.0,0.010466222645099905,0.0
cl-tohoku/bert-base-japanese-char-v3,目,109,鱼,195,30,0.0,0.0,0.008721852204249921,0.0
cl-tohoku/bert-base-japanese-char-v3,目,109,山,46,30,0.8333333333333334,0.53,0.012686330478908976,41.77725
cl-tohoku/bert-base-japanese-char-v3,目,109,石,112,30,0.0,0.02,0.013320647002854425,1.5014285714285713
cl-tohoku/bert-base-japanese-char-v3,目,109,田,102,30,0.5666666666666667,0.08,0.005550269584522677,14.413714285714287
glyph_only/resnet18,水,85,火,86,30,0.7,0.12333333333333334,0.021408182683158895,5.761037037037037
glyph_only/resnet18,水,85,木,75,30,0.2,0.5166666666666667,0.047573739295908656,10.860333333333335
glyph_only/resnet18,水,85,金,167,30,0.0,0.0,0.03758325404376784,0.0
glyph_only/resnet18,水,85,心,61,30,0.0,0.0,0.03330161750713606,0.0
glyph_only/resnet18,水,85,口,30,30,0.0,0.27666666666666667,0.05629559150015858,4.914535211267606
glyph_only/resnet18,水,85,言,149,30,0.0,0.006666666666666667,0.03853472882968601,0.17300411522633746
glyph_only/resnet18,水,85,鸟,196,30,0.0,0.03333333333333333,0.010466222645099905,3.184848484848485
glyph_only/resnet18,水,85,鱼,195,30,0.3333333333333333,0.11,0.008721852204249921,12.612
glyph_only/resnet18,水,85,山,46,30,0.0,0.05,0.012686330478908976,3.94125
glyph_only/resnet18,水,85,石,112,30,0.0,0.02,0.013320647002854425,1.5014285714285713
glyph_only/resnet18,水,85,田,102,30,0.0,0.09666666666666666,0.005550269584522677,17.416571428571427
glyph_only/resnet18,水,85,目,109,30,0.0,0.02,0.012210593085949888,1.637922077922078
glyph_only/resnet18,火,86,水,85,30,0.03333333333333333,0.03333333333333333,0.06454170631144941,0.5164619164619164
glyph_only/resnet18,火,86,木,75,30,0.6666666666666666,0.7133333333333334,0.047573739295908656,14.994266666666668
glyph_only/resnet18,火,86,金,167,30,0.26666666666666666,0.19666666666666666,0.03758325404376784,5.232827004219409
glyph_only/resnet18,火,86,心,61,30,0.1,0.29,0.03330161750713606,8.708285714285713
glyph_only/resnet18,火,86,口,30,30,0.0,0.18,0.05629559150015858,3.1974084507042253
glyph_only/resnet18,火,86,言,149,30,0.16666666666666666,0.11333333333333333,0.03853472882968601,2.9410699588477365
glyph_only/resnet18,火,86,鸟,196,30,0.03333333333333333,0.07666666666666666,0.010466222645099905,7.325151515151514
glyph_only/resnet18,火,86,鱼,195,30,0.13333333333333333,0.043333333333333335,0.008721852204249921,4.9683636363636365
glyph_only/resnet18,火,86,山,46,30,0.3,0.17,0.012686330478908976,13.400250000000002
glyph_only/resnet18,火,86,石,112,30,0.06666666666666667,0.10666666666666667,0.013320647002854425,8.007619047619048
glyph_only/resnet18,火,86,田,102,30,0.1,0.12666666666666668,0.005550269584522677,22.821714285714286
glyph_only/resnet18,火,86,目,109,30,0.0,0.18,0.012210593085949888,14.741298701298701
glyph_only/resnet18,木,75,水,85,30,0.16666666666666666,0.09333333333333334,0.06454170631144941,1.4460933660933661
glyph_only/resnet18,木,75,火,86,30,0.7666666666666667,0.23333333333333334,0.021408182683158895,10.89925925925926
glyph_only/resnet18,木,75,金,167,30,0.36666666666666664,0.31,0.03758325404376784,8.248354430379747
glyph_only/resnet18,木,75,心,61,30,0.0,0.12666666666666668,0.03330161750713606,3.803619047619048
glyph_only/resnet18,木,75,口,30,30,0.0,0.21,0.05629559150015858,3.7303098591549295
glyph_only/resnet18,木,75,言,149,30,0.26666666666666666,0.09666666666666666,0.03853472882968601,2.508559670781893
glyph_only/resnet18,木,75,鸟,196,30,0.03333333333333333,0.08666666666666667,0.010466222645099905,8.280606060606061
glyph_only/resnet18,木,75,鱼,195,30,0.0,0.07666666666666666,0.008721852204249921,8.790181818181818
glyph_only/resnet18,木,75,山,46,30,0.36666666666666664,0.14666666666666667,0.012686330478908976,11.561
glyph_only/resnet18,木,75,石,112,30,0.4,0.18,0.013320647002854425,13.512857142857142
glyph_only/resnet18,木,75,田,102,30,0.0,0.04666666666666667,0.005550269584522677,8.408000000000001
glyph_only/resnet18,木,75,目,109,30,0.1,0.15,0.012210593085949888,12.284415584415585
glyph_only/resnet18,金,167,水,85,30,0.6666666666666666,0.18666666666666668,0.06454170631144941,2.8921867321867323
glyph_only/resnet18,金,167,火,86,30,0.9333333333333333,0.22333333333333333,0.021408182683158895,10.432148148148148
glyph_only/resnet18,金,167,木,75,30,0.7333333333333333,0.7133333333333334,0.047573739295908656,14.994266666666668
glyph_only/resnet18,金,167,心,61,30,0.0,0.04,0.03330161750713606,1.201142857142857
glyph_only/resnet18,金,167,口,30,30,0.0,0.25666666666666665,0.05629559150015858,4.559267605633803
glyph_only/resnet18,金,167,言,149,30,0.0,0.016666666666666666,0.03853472882968601,0.43251028806584363
glyph_only/resnet18,金,167,鸟,196,30,0.0,0.07,0.010466222645099905,6.6881818181818184
glyph_only/resnet18,金,167,鱼,195,30,0.06666666666666667,0.016666666666666666,0.008721852204249921,1.9109090909090907
glyph_only/resnet18,金,167,山,46,30,0.3,0.16333333333333333,0.012686330478908976,12.874749999999999
glyph_only/resnet18,金,167,石,112,30,0.16666666666666666,0.11333333333333333,0.013320647002854425,8.508095238095237
glyph_only/resnet18,金,167,田,102,30,0.0,0.11,0.005550269584522677,19.818857142857144
glyph_only/resnet18,金,167,目,109,30,0.0,0.13666666666666666,0.012210593085949888,11.192467532467532
glyph_only/resnet18,心,61,水,85,30,0.0,0.0,0.06454170631144941,0.0
glyph_only/resnet18,心,61,火,86,30,0.03333333333333333,0.05333333333333334,0.021408182683158895,2.4912592592592597
glyph_only/resnet18,心,61,木,75,30,0.9666666666666667,0.71,0.047573739295908656,14.9242
glyph_only/resnet18,心,61,金,167,30,0.43333333333333335,0.34,0.03758325404376784,9.046582278481013
glyph_only/resnet18,心,61,口,30,30,0.0,0.07666666666666666,0.05629559150015858,1.3618591549295773
glyph_only/resnet18,心,61,言,149,30,0.0,0.05333333333333334,0.03853472882968601,1.3840329218106997
glyph_only/resnet18,心,61,鸟,196,30,0.0,0.03,0.010466222645099905,2.8663636363636362
glyph_only/resnet18,心,61,鱼,195,30,0.0,0.05,0.008721852204249921,5.7327272727272724
glyph_only/resnet18,心,61,山,46,30,0.03333333333333333,0.05333333333333334,0.012686330478908976,4.204
glyph_only/resnet18,心,61,石,112,30,0.03333333333333333,0.07666666666666666,0.013320647002854425,5.75547619047619
glyph_only/resnet18,心,61,田,102,30,0.16666666666666666,0.16,0.005550269584522677,28.827428571428573
glyph_only/resnet18,心,61,目,109,30,0.0,0.15666666666666668,0.012210593085949888,12.830389610389611
glyph_only/resnet18,口,30,水,85,30,0.8333333333333334,0.24333333333333335,0.06454170631144941,3.7701719901719906
glyph_only/resnet18,口,30,火,86,30,0.23333333333333334,0.06666666666666667,0.021408182683158895,3.114074074074074
glyph_only/resnet18,口,30,木,75,30,0.13333333333333333,0.5,0.047573739295908656,10.51
glyph_only/resnet18,口,30,金,167,30,0.03333333333333333,0.19666666666666666,0.03758325404376784,5.232827004219409
glyph_only/resnet18,口,30,心,61,30,0.0,0.09,0.03330161750713606,2.7025714285714284
glyph_only/resnet18,口,30,言,149,30,0.03333333333333333,0.12333333333333334,0.03853472882968601,3.200576131687243
glyph_only/resnet18,口,30,鸟,196,30,0.2,0.22333333333333333,0.010466222645099905,21.33848484848485
glyph_only/resnet18,口,30,鱼,195,30,0.1,0.08666666666666667,0.008721852204249921,9.936727272727273
glyph_only/resnet18,口,30,山,46,30,0.2,0.13666666666666666,0.012686330478908976,10.772749999999998
glyph_only/resnet18,口,30,石,112,30,0.06666666666666667,0.09333333333333334,0.013320647002854425,7.006666666666667
glyph_only/resnet18,口,30,田,102,30,0.1,0.05333333333333334,0.005550269584522677,9.609142857142858
glyph_only/resnet18,口,30,目,109,30,0.03333333333333333,0.02,0.012210593085949888,1.637922077922078
glyph_only/resnet18,言,149,水,85,30,0.5666666666666667,0.09666666666666666,0.06454170631144941,1.4977395577395578
glyph_only/resnet18,言,149,火,86,30,0.5333333333333333,0.11333333333333333,0.021408182683158895,5.293925925925926
glyph_only/resnet18,言,149,木,75,30,0.8,0.62,0.047573739295908656,13.0324
glyph_only/resnet18,言,149,金,167,30,0.1,0.12666666666666668,0.03758325404376784,3.3702953586497895
glyph_only/resnet18,言,149,心,61,30,0.0,0.08666666666666667,0.03330161750713606,2.6024761904761906
glyph_only/resnet18,言,149,口,30,30,0.0,0.19666666666666666,0.05629559150015858,3.493464788732394
glyph_only/resnet18,言,149,鸟,196,30,0.3333333333333333,0.24,0.010466222645099905,22.93090909090909
glyph_only/resnet18,言,149,鱼,195,30,0.06666666666666667,0.04666666666666667,0.008721852204249921,5.350545454545454
glyph_only/resnet18,言,149,山,46,30,0.1,0.06,0.012686330478908976,4.7295
glyph_only/resnet18,言,149,石,112,30,0.23333333333333334,0.18666666666666668,0.013320647002854425,14.013333333333334
glyph_only/resnet18,言,149,田,102,30,0.03333333333333333,0.13333333333333333,0.005550269584522677,24.02285714285714
glyph_only/resnet18,言,149,目,109,30,0.0,0.03,0.012210593085949888,2.456883116883117
glyph_only/resnet18,鸟,196,水,85,30,0.4,0.12,0.06454170631144941,1.8592628992628992
glyph_only/resnet18,鸟,196,火,86,30,1.0,0.10666666666666667,0.021408182683158895,4.9825185185185195
glyph_only/resnet18,鸟,196,木,75,30,0.9333333333333333,0.6433333333333333,0.047573739295908656,13.522866666666667
glyph_only/resnet18,鸟,196,金,167,30,0.0,0.10333333333333333,0.03758325404376784,2.749451476793249
glyph_only/resnet18,鸟,196,心,61,30,0.0,0.07,0.03330161750713606,2.1020000000000003
glyph_only/resnet18,鸟,196,口,30,30,0.0,0.21333333333333335,0.05629559150015858,3.7895211267605635
glyph_only/resnet18,鸟,196,言,149,30,0.0,0.1,0.03853472882968601,2.595061728395062
glyph_only/resnet18,鸟,196,鱼,195,30,0.23333333333333334,0.14,0.008721852204249921,16.051636363636366
glyph_only/resnet18,鸟,196,山,46,30,0.5333333333333333,0.24,0.012686330478908976,18.918
glyph_only/resnet18,鸟,196,石,112,30,0.43333333333333335,0.21333333333333335,0.013320647002854425,16.015238095238097
glyph_only/resnet18,鸟,196,田,102,30,0.13333333333333333,0.13,0.005550269584522677,23.422285714285714
glyph_only/resnet18,鸟,196,目,109,30,0.0,0.07333333333333333,0.012210593085949888,6.005714285714286
glyph_only/resnet18,鱼,195,水,85,30,0.8333333333333334,0.19333333333333333,0.06454170631144941,2.9954791154791156
glyph_only/resnet18,鱼,195,火,86,30,0.8666666666666667,0.26666666666666666,0.021408182683158895,12.456296296296296
glyph_only/resnet18,鱼,195,木,75,30,0.5333333333333333,0.66,0.047573739295908656,13.8732
glyph_only/resnet18,鱼,195,金,167,30,0.16666666666666666,0.18666666666666668,0.03758325404376784,4.966751054852321
glyph_only/resnet18,鱼,195,心,61,30,0.0,0.06,0.03330161750713606,1.8017142857142856
glyph_only/resnet18,鱼,195,口,30,30,0.0,0.21333333333333335,0.05629559150015858,3.7895211267605635
glyph_only/resnet18,鱼,195,言,149,30,0.1,0.12,0.03853472882968601,3.114074074074074
glyph_only/resnet18,鱼,195,鸟,196,30,0.26666666666666666,0.2,0.010466222645099905,19.10909090909091
glyph_only/resnet18,鱼,195,山,46,30,0.06666666666666667,0.07333333333333333,0.012686330478908976,5.7805
glyph_only/resnet18,鱼,195,石,112,30,0.06666666666666667,0.13666666666666666,0.013320647002854425,10.259761904761904
glyph_only/resnet18,鱼,195,田,102,30,0.03333333333333333,0.06333333333333334,0.005550269584522677,11.410857142857143
glyph_only/resnet18,鱼,195,目,109,30,0.0,0.02,0.012210593085949888,1.637922077922078
glyph_only/resnet18,山,46,水,85,30,0.5,0.16333333333333333,0.06454170631144941,2.5306633906633906
glyph_only/resnet18,山,46,火,86,30,0.9,0.21,0.021408182683158895,9.809333333333333
glyph_only/resnet18,山,46,木,75,30,0.5,0.65,0.047573739295908656,13.663000000000002
glyph_only/resnet18,山,46,金,167,30,0.13333333333333333,0.19666666666666666,0.03758325404376784,5.232827004219409
glyph_only/resnet18,山,46,心,61,30,0.0,0.14666666666666667,0.03330161750713606,4.404190476190476
glyph_only/resnet18,山,46,口,30,30,0.0,0.19333333333333333,0.05629559150015858,3.4342535211267604
glyph_only/resnet18,山,46,言,149,30,0.03333333333333333,0.03666666666666667,0.03853472882968601,0.951522633744856
glyph_only/resnet18,山,46,鸟,196,30,0.2,0.17333333333333334,0.010466222645099905,16.561212121212122
glyph_only/resnet18,山,46,鱼,195,30,0.06666666666666667,0.043333333333333335,0.008721852204249921,4.9683636363636365
glyph_only/resnet18,山,46,石,112,30,0.2,0.15666666666666668,0.013320647002854425,11.761190476190476
glyph_only/resnet18,山,46,田,102,30,0.06666666666666667,0.07,0.005550269584522677,12.612000000000002
glyph_only/resnet18,山,46,目,109,30,0.03333333333333333,0.09333333333333334,0.012210593085949888,7.6436363636363645
glyph_only/resnet18,石,112,水,85,30,0.6333333333333333,0.19333333333333333,0.06454170631144941,2.9954791154791156
glyph_only/resnet18,石,112,火,86,30,0.7666666666666667,0.17333333333333334,0.021408182683158895,8.096592592592593
glyph_only/resnet18,石,112,木,75,30,0.9666666666666667,0.68,0.047573739295908656,14.293600000000001
glyph_only/resnet18,石,112,金,167,30,0.06666666666666667,0.23666666666666666,0.03758325404376784,6.297130801687763
glyph_only/resnet18,石,112,心,61,30,0.0,0.10666666666666667,0.03330161750713606,3.203047619047619
glyph_only/resnet18,石,112,口,30,30,0.0,0.2966666666666667,0.05629559150015858,5.269802816901409
glyph_only/resnet18,石,112,言,149,30,0.06666666666666667,0.09333333333333334,0.03853472882968601,2.4220576131687244
glyph_only/resnet18,石,112,鸟,196,30,0.2,0.17,0.010466222645099905,16.242727272727276
glyph_only/resnet18,石,112,鱼,195,30,0.2,0.15333333333333332,0.008721852204249921,17.580363636363636
glyph_only/resnet18,石,112,山,46,30,0.3333333333333333,0.22,0.012686330478908976,17.3415
glyph_only/resnet18,石,112,田,102,30,0.0,0.06333333333333334,0.005550269584522677,11.410857142857143
glyph_only/resnet18,石,112,目,109,30,0.0,0.01,0.012210593085949888,0.818961038961039
glyph_only/resnet18,田,102,水,85,30,0.3,0.06333333333333334,0.06454170631144941,0.9812776412776414
glyph_only/resnet18,田,102,火,86,30,0.5666666666666667,0.10333333333333333,0.021408182683158895,4.826814814814815
glyph_only/resnet18,田,102,木,75,30,0.9,0.7166666666666667,0.047573739295908656,15.064333333333334
glyph_only/resnet18,田,102,金,167,30,0.16666666666666666,0.12,0.03758325404376784,3.192911392405063
glyph_only/resnet18,田,102,心,61,30,0.0,0.18666666666666668,0.03330161750713606,5.605333333333333
glyph_only/resnet18,田,102,口,30,30,0.0,0.25666666666666665,0.05629559150015858,4.559267605633803
glyph_only/resnet18,田,102,言,149,30,0.06666666666666667,0.06,0.03853472882968601,1.557037037037037
glyph_only/resnet18,田,102,鸟,196,30,0.03333333333333333,0.08666666666666667,0.010466222645099905,8.280606060606061
glyph_only/resnet18,田,102,鱼,195,30,0.2,0.07666666666666666,0.008721852204249921,8.790181818181818
glyph_only/resnet18,田,102,山,46,30,0.4,0.22666666666666666,0.012686330478908976,17.866999999999997
glyph_only/resnet18,田,102,石,112,30,0.23333333333333334,0.12,0.013320647002854425,9.008571428571427
glyph_only/resnet18,田,102,目,109,30,0.0,0.07333333333333333,0.012210593085949888,6.005714285714286
glyph_only/resnet18,目,109,水,85,30,0.5333333333333333,0.09666666666666666,0.06454170631144941,1.4977395577395578
glyph_only/resnet18,目,109,火,86,30,0.6333333333333333,0.16,0.021408182683158895,7.473777777777778
glyph_only/resnet18,目,109,木,75,30,0.8,0.6866666666666666,0.047573739295908656,14.433733333333334
glyph_only/resnet18,目,109,金,167,30,0.0,0.13,0.03758325404376784,3.458987341772152
glyph_only/resnet18,目,109,心,61,30,0.0,0.17666666666666667,0.03330161750713606,5.3050476190476195
glyph_only/resnet18,目,109,口,30,30,0.06666666666666667,0.3466666666666667,0.05629559150015858,6.1579718309859155
glyph_only/resnet18,目,109,言,149,30,0.16666666666666666,0.23,0.03853472882968601,5.968641975308643
glyph_only/resnet18,目,109,鸟,196,30,0.3333333333333333,0.18666666666666668,0.010466222645099905,17.835151515151516
glyph_only/resnet18,目,109,鱼,195,30,0.03333333333333333,0.08666666666666667,0.008721852204249921,9.936727272727273
glyph_only/resnet18,目,109,山,46,30,0.06666666666666667,0.12666666666666668,0.012686330478908976,9.9845
glyph_only/resnet18,目,109,石,112,30,0.26666666666666666,0.2866666666666667,0.013320647002854425,21.52047619047619
glyph_only/resnet18,目,109,田,102,30,0.16666666666666666,0.11333333333333333,0.005550269584522677,20.419428571428572
hfl/chinese-bert-wwm-ext,水,85,火,86,30,0.3,0.26,0.021408182683158895,12.14488888888889
hfl/chinese-bert-wwm-ext,水,85,木,75,30,0.8666666666666667,0.7566666666666667,0.047573739295908656,15.905133333333335
hfl/chinese-bert-wwm-ext,水,85,金,167,30,0.06666666666666667,0.22666666666666666,0.03758325404376784,6.031054852320675
hfl/chinese-bert-wwm-ext,水,85,心,61,30,0.23333333333333334,0.43333333333333335,0.03330161750713606,13.012380952380953
hfl/chinese-bert-wwm-ext,水,85,口,30,30,0.0,0.023333333333333334,0.05629559150015858,0.4144788732394366
hfl/chinese-bert-wwm-ext,水,85,言,149,30,0.06666666666666667,0.2833333333333333,0.03853472882968601,7.352674897119342
hfl/chinese-bert-wwm-ext,水,85,鸟,196,30,1.0,0.6966666666666667,0.010466222645099905,66.56333333333333
hfl/chinese-bert-wwm-ext,水,85,鱼,195,30,0.9,0.8466666666666667,0.008721852204249921,97.07418181818181
hfl/chinese-bert-wwm-ext,水,85,山,46,30,0.8333333333333334,0.4766666666666667,0.012686330478908976,37.57325
hfl/chinese-bert-wwm-ext,水,85,石,112,30,0.06666666666666667,0.05333333333333334,0.013320647002854425,4.003809523809524
hfl/chinese-bert-wwm-ext,水,85,田,102,30,0.0,0.0033333333333333335,0.005550269584522677,0.6005714285714286
hfl/chinese-bert-wwm-ext,水,85,目,109,30,0.0,0.0,0.012210593085949888,0.0
hfl/chinese-bert-wwm-ext,火,86,水,85,30,0.4666666666666667,0.4266666666666667,0.06454170631144941,6.610712530712531
hfl/chinese-bert-wwm-ext,火,86,木,75,30,0.5666666666666667,0.5466666666666666,0.047573739295908656,11.490933333333333
hfl/chinese-bert-wwm-ext,火,86,金,167,30,0.0,0.14,0.03758325404376784,3.7250632911392407
hfl/chinese-bert-wwm-ext,火,86,心,61,30,0.4666666666666667,0.29,0.03330161750713606,8.708285714285713
hfl/chinese-bert-wwm-ext,火,86,口,30,30,0.0,0.02,0.05629559150015858,0.35526760563380283
hfl/chinese-bert-wwm-ext,火,86,言,149,30,0.1,0.31666666666666665,0.03853472882968601,8.217695473251029
hfl/chinese-bert-wwm-ext,火,86,鸟,196,30,1.0,0.6966666666666667,0.010466222645099905,66.56333333333333
hfl/chinese-bert-wwm-ext,火,86,鱼,195,30,1.0,0.79,0.008721852204249921,90.57709090909091
hfl/chinese-bert-wwm-ext,火,86,山,46,30,0.8333333333333334,0.4266666666666667,0.012686330478908976,33.632
hfl/chinese-bert-wwm-ext,火,86,石,112,30,0.13333333333333333,0.12666666666666668,0.013320647002854425,9.50904761904762
hfl/chinese-bert-wwm-ext,火,86,田,102,30,0.0,0.006666666666666667,0.005550269584522677,1.2011428571428573
hfl/chinese-bert-wwm-ext,火,86,目,109,30,0.0,0.013333333333333334,0.012210593085949888,1.091948051948052
hfl/chinese-bert-wwm-ext,木,75,水,85,30,0.2,0.5666666666666667,0.06454170631144941,8.77985257985258
hfl/chinese-bert-wwm-ext,木,75,火,86,30,0.16666666666666666,0.12666666666666668,0.021408182683158895,5.9167407407407415
hfl/chinese-bert-wwm-ext,木,75,金,167,30,0.3333333333333333,0.14666666666666667,0.03758325404376784,3.902447257383966
hfl/chinese-bert-wwm-ext,木,75,心,61,30,0.43333333333333335,0.29333333333333333,0.03330161750713606,8.808380952380952
hfl/chinese-bert-wwm-ext,木,75,口,30,30,0.06666666666666667,0.043333333333333335,0.05629559150015858,0.7697464788732394
hfl/chinese-bert-wwm-ext,木,75,言,149,30,0.1,0.2833333333333333,0.03853472882968601,7.352674897119342
hfl/chinese-bert-wwm-ext,木,75,鸟,196,30,1.0,0.7633333333333333,0.010466222645099905,72.9330303030303
hfl/chinese-bert-wwm-ext,木,75,鱼,195,30,0.9666666666666667,0.82,0.008721852204249921,94.01672727272727
hfl/chinese-bert-wwm-ext,木,75,山,46,30,0.5333333333333333,0.45,0.012686330478908976,35.47125
hfl/chinese-bert-wwm-ext,木,75,石,112,30,0.2,0.06333333333333334,0.013320647002854425,4.75452380952381
hfl/chinese-bert-wwm-ext,木,75,田,102,30,0.0,0.006666666666666667,0.005550269584522677,1.2011428571428573
hfl/chinese-bert-wwm-ext,木,75,目,109,30,0.0,0.01,0.012210593085949888,0.818961038961039
hfl/chinese-bert-wwm-ext,金,167,水,85,30,0.5333333333333333,0.44666666666666666,0.06454170631144941,6.92058968058968
hfl/chinese-bert-wwm-ext,金,167,火,86,30,0.26666666666666666,0.35333333333333333,0.021408182683158895,16.504592592592594
hfl/chinese-bert-wwm-ext,金,167,木,75,30,0.7,0.42,0.047573739295908656,8.8284
hfl/chinese-bert-wwm-ext,金,167,心,61,30,0.36666666666666664,0.29,0.03330161750713606,8.708285714285713
hfl/chinese-bert-wwm-ext,金,167,口,30,30,0.03333333333333333,0.013333333333333334,0.05629559150015858,0.23684507042253522
hfl/chinese-bert-wwm-ext,金,167,言,149,30,0.2,0.22333333333333333,0.03853472882968601,5.795637860082305
hfl/chinese-bert-wwm-ext,金,167,鸟,196,30,0.9666666666666667,0.4633333333333333,0.010466222645099905,44.269393939393936
hfl/chinese-bert-wwm-ext,金,167,鱼,195,30,1.0,0.7233333333333334,0.008721852204249921,82.93345454545455
hfl/chinese-bert-wwm-ext,金,167,山,46,30,0.26666666666666666,0.3233333333333333,0.012686330478908976,25.486749999999997
hfl/chinese-bert-wwm-ext,金,167,石,112,30,0.3333333333333333,0.18333333333333332,0.013320647002854425,13.763095238095238
hfl/chinese-bert-wwm-ext,金,167,田,102,30,0.0,0.006666666666666667,0.005550269584522677,1.2011428571428573
hfl/chinese-bert-wwm-ext,金,167,目,109,30,0.0,0.0033333333333333335,0.012210593085949888,0.272987012987013
hfl/chinese-bert-wwm-ext,心,61,水,85,30,0.0,0.13,0.06454170631144941,2.0142014742014744
hfl/chinese-bert-wwm-ext,心,61,火,86,30,0.0,0.08666666666666667,0.021408182683158895,4.0482962962962965
hfl/chinese-bert-wwm-ext,心,61,木,75,30,0.2,0.21666666666666667,0.047573739295908656,4.554333333333334
hfl/chinese-bert-wwm-ext,心,61,金,167,30,0.4,0.36666666666666664,0.03758325404376784,9.756118143459915
hfl/chinese-bert-wwm-ext,心,61,口,30,30,0.0,0.006666666666666667,0.05629559150015858,0.11842253521126761
hfl/chinese-bert-wwm-ext,心,61,言,149,30,0.03333333333333333,0.21,0.03853472882968601,5.44962962962963
hfl/chinese-bert-wwm-ext,心,61,鸟,196,30,1.0,0.76,0.010466222645099905,72.61454545454545
hfl/chinese-bert-wwm-ext,心,61,鱼,195,30,1.0,0.8533333333333334,0.008721852204249921,97.83854545454545
hfl/chinese-bert-wwm-ext,心,61,山,46,30,0.7666666666666667,0.59,0.012686330478908976,46.50675
hfl/chinese-bert-wwm-ext,心,61,石,112,30,0.06666666666666667,0.14666666666666667,0.013320647002854425,11.01047619047619
hfl/chinese-bert-wwm-ext,心,61,田,102,30,0.0,0.0,0.005550269584522677,0.0
hfl/chinese-bert-wwm-ext,心,61,目,109,30,0.0,0.0,0.012210593085949888,0.0
hfl/chinese-bert-wwm-ext,口,30,水,85,30,0.0,0.08333333333333333,0.06454170631144941,1.2911547911547911
hfl/chinese-bert-wwm-ext,口,30,火,86,30,0.0,0.03,0.021408182683158895,1.4013333333333333
hfl/chinese-bert-wwm-ext,口,30,木,75,30,0.0,0.09,0.047573739295908656,1.8918000000000001
hfl/chinese-bert-wwm-ext,口,30,金,167,30,0.16666666666666666,0.27666666666666667,0.03758325404376784,7.3614345991561185
hfl/chinese-bert-wwm-ext,口,30,心,61,30,0.06666666666666667,0.19,0.03330161750713606,5.7054285714285715
hfl/chinese-bert-wwm-ext,口,30,言,149,30,0.0,0.016666666666666666,0.03853472882968601,0.43251028806584363
hfl/chinese-bert-wwm-ext,口,30,鸟,196,30,1.0,0.69,0.010466222645099905,65.92636363636363
hfl/chinese-bert-wwm-ext,口,30,鱼,195,30,1.0,0.4,0.008721852204249921,45.86181818181818
hfl/chinese-bert-wwm-ext,口,30,山,46,30,0.03333333333333333,0.02666666666666667,0.012686330478908976,2.102
hfl/chinese-bert-wwm-ext,口,30,石,112,30,0.03333333333333333,0.0033333333333333335,0.013320647002854425,0.25023809523809526
hfl/chinese-bert-wwm-ext,口,30,田,102,30,0.0,0.0,0.005550269584522677,0.0
hfl/chinese-bert-wwm-ext,口,30,目,109,30,0.06666666666666667,0.07333333333333333,0.012210593085949888,6.005714285714286
hfl/chinese-bert-wwm-ext,言,149,水,85,30,0.7666666666666667,0.25666666666666665,0.06454170631144941,3.9767567567567568
hfl/chinese-bert-wwm-ext,言,149,火,86,30,0.03333333333333333,0.36666666666666664,0.021408182683158895,17.127407407407407
hfl/chinese-bert-wwm-ext,言,149,木,75,30,0.16666666666666666,0.39666666666666667,0.047573739295908656,8.337933333333334
hfl/chinese-bert-wwm-ext,言,149,金,167,30,0.13333333333333333,0.30333333333333334,0.03758325404376784,8.070970464135021
hfl/chinese-bert-wwm-ext,言,149,心,61,30,0.1,0.15,0.03330161750713606,4.5042857142857144
hfl/chinese-bert-wwm-ext,言,149,口,30,30,0.0,0.013333333333333334,0.05629559150015858,0.23684507042253522
hfl/chinese-bert-wwm-ext,言,149,鸟,196,30,0.9666666666666667,0.7933333333333333,0.010466222645099905,75.79939393939394
hfl/chinese-bert-wwm-ext,言,149,鱼,195,30,1.0,0.75,0.008721852204249921,85.99090909090908
hfl/chinese-bert-wwm-ext,言,149,山,46,30,0.7,0.4766666666666667,0.012686330478908976,37.57325
hfl/chinese-bert-wwm-ext,言,149,石,112,30,0.0,0.17333333333333334,0.013320647002854425,13.012380952380953
hfl/chinese-bert-wwm-ext,言,149,田,102,30,0.0,0.016666666666666666,0.005550269584522677,3.0028571428571427
hfl/chinese-bert-wwm-ext,言,149,目,109,30,0.2,0.08,0.012210593085949888,6.551688311688312
hfl/chinese-bert-wwm-ext,鸟,196,水,85,30,0.0,0.26666666666666666,0.06454170631144941,4.131695331695331
hfl/chinese-bert-wwm-ext,鸟,196,火,86,30,0.0,0.10666666666666667,0.021408182683158895,4.9825185185185195
hfl/chinese-bert-wwm-ext,鸟,196,木,75,30,0.13333333333333333,0.17,0.047573739295908656,3.5734000000000004
hfl/chinese-bert-wwm-ext,鸟,196,金,167,30,0.7,0.36,0.03758325404376784,9.578734177215189
hfl/chinese-bert-wwm-ext,鸟,196,心,61,30,0.43333333333333335,0.42,0.03330161750713606,12.612
hfl/chinese-bert-wwm-ext,鸟,196,口,30,30,0.0,0.01,0.05629559150015858,0.17763380281690141
hfl/chinese-bert-wwm-ext,鸟,196,言,149,30,0.06666666666666667,0.18666666666666668,0.03853472882968601,4.844115226337449
hfl/chinese-bert-wwm-ext,鸟,196,鱼,195,30,1.0,0.9633333333333334,0.008721852204249921,110.45054545454545
hfl/chinese-bert-wwm-ext,鸟,196,山,46,30,0.8,0.53,0.012686330478908976,41.77725
hfl/chinese-bert-wwm-ext,鸟,196,石,112,30,0.03333333333333333,0.09,0.013320647002854425,6.756428571428571
hfl/chinese-bert-wwm-ext,鸟,196,田,102,30,0.03333333333333333,0.0033333333333333335,0.005550269584522677,0.6005714285714286
hfl/chinese-bert-wwm-ext,鸟,196,目,109,30,0.0,0.0033333333333333335,0.012210593085949888,0.272987012987013
hfl/chinese-bert-wwm-ext,鱼,195,水,85,30,0.0,0.25,0.06454170631144941,3.8734643734643734
hfl/chinese-bert-wwm-ext,鱼,195,火,86,30,0.0,0.2866666666666667,0.021408182683158895,13.390518518518519
hfl/chinese-bert-wwm-ext,鱼,195,木,75,30,0.4666666666666667,0.44333333333333336,0.047573739295908656,9.318866666666668
hfl/chinese-bert-wwm-ext,鱼,195,金,167,30,0.2,0.2633333333333333,0.03758325404376784,7.006666666666666
hfl/chinese-bert-wwm-ext,鱼,195,心,61,30,0.2,0.37666666666666665,0.03330161750713606,11.310761904761904
hfl/chinese-bert-wwm-ext,鱼,195,口,30,30,0.0,0.04,0.05629559150015858,0.7105352112676057
hfl/chinese-bert-wwm-ext,鱼,195,言,149,30,0.16666666666666666,0.31666666666666665,0.03853472882968601,8.217695473251029
hfl/chinese-bert-wwm-ext,鱼,195,鸟,196,30,0.9,0.5966666666666667,0.010466222645099905,57.00878787878788
hfl/chinese-bert-wwm-ext,鱼,195,山,46,30,0.7666666666666667,0.5133333333333333,0.012686330478908976,40.463499999999996
hfl/chinese-bert-wwm-ext,鱼,195,石,112,30,0.0,0.09,0.013320647002854425,6.756428571428571
hfl/chinese-bert-wwm-ext,鱼,195,田,102,30,0.0,0.0,0.005550269584522677,0.0
hfl/chinese-bert-wwm-ext,鱼,195,目,109,30,0.0,0.016666666666666666,0.012210593085949888,1.364935064935065
hfl/chinese-bert-wwm-ext,山,46,水,85,30,0.3333333333333333,0.31,0.06454170631144941,4.803095823095823
hfl/chinese-bert-wwm-ext,山,46,火,86,30,0.0,0.17333333333333334,0.021408182683158895,8.096592592592593
hfl/chinese-bert-wwm-ext,山,46,木,75,30,0.16666666666666666,0.15666666666666668,0.047573739295908656,3.293133333333334
hfl/chinese-bert-wwm-ext,山,46,金,167,30,0.03333333333333333,0.17,0.03758325404376784,4.523291139240507
hfl/chinese-bert-wwm-ext,山,46,心,61,30,0.8666666666666667,0.2833333333333333,0.03330161750713606,8.508095238095239
hfl/chinese-bert-wwm-ext,山,46,口,30,30,0.0,0.023333333333333334,0.05629559150015858,0.4144788732394366
hfl/chinese-bert-wwm-ext,山,46,言,149,30,0.26666666666666666,0.36333333333333334,0.03853472882968601,9.428724279835391
hfl/chinese-bert-wwm-ext,山,46,鸟,196,30,0.8666666666666667,0.6666666666666666,0.010466222645099905,63.696969696969695
hfl/chinese-bert-wwm-ext,山,46,鱼,195,30,1.0,0.9133333333333333,0.008721852204249921,104.71781818181817
hfl/chinese-bert-wwm-ext,山,46,石,112,30,0.0,0.016666666666666666,0.013320647002854425,1.2511904761904762
hfl/chinese-bert-wwm-ext,山,46,田,102,30,0.0,0.0033333333333333335,0.005550269584522677,0.6005714285714286
hfl/chinese-bert-wwm-ext,山,46,目,109,30,0.0,0.006666666666666667,0.012210593085949888,0.545974025974026
hfl/chinese-bert-wwm-ext,石,112,水,85,30,0.2,0.30333333333333334,0.06454170631144941,4.69980343980344
hfl/chinese-bert-wwm-ext,石,112,火,86,30,0.13333333333333333,0.19666666666666666,0.021408182683158895,9.186518518518518
hfl/chinese-bert-wwm-ext,石,112,木,75,30,0.4,0.3566666666666667,0.047573739295908656,7.497133333333334
hfl/chinese-bert-wwm-ext,石,112,金,167,30,0.2,0.24333333333333335,0.03758325404376784,6.47451476793249
hfl/chinese-bert-wwm-ext,石,112,心,61,30,0.43333333333333335,0.37333333333333335,0.03330161750713606,11.210666666666667
hfl/chinese-bert-wwm-ext,石,112,口,30,30,0.03333333333333333,0.016666666666666666,0.05629559150015858,0.296056338028169
hfl/chinese-bert-wwm-ext,石,112,言,149,30,0.23333333333333334,0.2833333333333333,0.03853472882968601,7.352674897119342
hfl/chinese-bert-wwm-ext,石,112,鸟,196,30,0.8666666666666667,0.5766666666666667,0.010466222645099905,55.09787878787879
hfl/chinese-bert-wwm-ext,石,112,鱼,195,30,0.9666666666666667,0.7366666666666667,0.008721852204249921,84.46218181818182
hfl/chinese-bert-wwm-ext,石,112,山,46,30,0.1,0.15333333333333332,0.012686330478908976,12.0865
hfl/chinese-bert-wwm-ext,石,112,田,102,30,0.0,0.0033333333333333335,0.005550269584522677,0.6005714285714286
hfl/chinese-bert-wwm-ext,石,112,目,109,30,0.03333333333333333,0.02666666666666667,0.012210593085949888,2.183896103896104
hfl/chinese-bert-wwm-ext,田,102,水,85,30,0.06666666666666667,0.16333333333333333,0.06454170631144941,2.5306633906633906
hfl/chinese-bert-wwm-ext,田,102,火,86,30,0.0,0.16666666666666666,0.021408182683158895,7.785185185185185
hfl/chinese-bert-wwm-ext,田,102,木,75,30,0.16666666666666666,0.20666666666666667,0.047573739295908656,4.344133333333334
hfl/chinese-bert-wwm-ext,田,102,金,167,30,0.5666666666666667,0.3333333333333333,0.03758325404376784,8.869198312236286
hfl/chinese-bert-wwm-ext,田,102,心,61,30,0.1,0.28,0.03330161750713606,8.408000000000001
hfl/chinese-bert-wwm-ext,田,102,口,30,30,0.0,0.0,0.05629559150015858,0.0
hfl/chinese-bert-wwm-ext,田,102,言,149,30,0.4666666666666667,0.2966666666666667,0.03853472882968601,7.698683127572018
hfl/chinese-bert-wwm-ext,田,102,鸟,196,30,0.9333333333333333,0.74,0.010466222645099905,70.70363636363636
hfl/chinese-bert-wwm-ext,田,102,鱼,195,30,0.9666666666666667,0.7766666666666666,0.008721852204249921,89.04836363636363
hfl/chinese-bert-wwm-ext,田,102,山,46,30,0.4,0.42333333333333334,0.012686330478908976,33.36925
hfl/chinese-bert-wwm-ext,田,102,石,112,30,0.1,0.14666666666666667,0.013320647002854425,11.01047619047619
hfl/chinese-bert-wwm-ext,田,102,目,109,30,0.03333333333333333,0.05,0.012210593085949888,4.094805194805195
hfl/chinese-bert-wwm-ext,目,109,水,85,30,0.43333333333333335,0.13,0.06454170631144941,2.0142014742014744
hfl/chinese-bert-wwm-ext,目,109,火,86,30,0.0,0.21333333333333335,0.021408182683158895,9.965037037037039
hfl/chinese-bert-wwm-ext,目,109,木,75,30,0.03333333333333333,0.18333333333333332,0.047573739295908656,3.853666666666667
hfl/chinese-bert-wwm-ext,目,109,金,167,30,0.9333333333333333,0.6733333333333333,0.03758325404376784,17.9157805907173
hfl/chinese-bert-wwm-ext,目,109,心,61,30,0.8,0.32,0.03330161750713606,9.609142857142857
hfl/chinese-bert-wwm-ext,目,109,口,30,30,0.1,0.13666666666666666,0.05629559150015858,2.4276619718309855
hfl/chinese-bert-wwm-ext,目,109,言,149,30,0.36666666666666664,0.24666666666666667,0.03853472882968601,6.401152263374486
hfl/chinese-bert-wwm-ext,目,109,鸟,196,30,1.0,0.72,0.010466222645099905,68.79272727272728
hfl/chinese-bert-wwm-ext,目,109,鱼,195,30,1.0,0.59,0.008721852204249921,67.64618181818182
hfl/chinese-bert-wwm-ext,目,109,山,46,30,0.23333333333333334,0.3233333333333333,0.012686330478908976,25.486749999999997
hfl/chinese-bert-wwm-ext,目,109,石,112,30,0.03333333333333333,0.08,0.013320647002854425,6.005714285714285
hfl/chinese-bert-wwm-ext,目,109,田,102,30,0.0,0.0,0.005550269584522677,0.0
